{"type":"FeatureCollection","name":"vattenomrade-torn","features":[{"type":"Feature","properties":{"name":"Vissefjärda-Stekaremåla","trakt":"VISSEFJÄRDA-STEKAREMÅLA","etikett":""},"geometry":{"type":"MultiPolygon","coordinates":[[[[15.512253,56.586044],[15.5123,56.586052],[15.512253,56.586044],[15.512193,56.586033],[15.512253,56.586044]]],[[[15.512581,56.587054],[15.512648,56.587007],[15.512725,56.586953],[15.512581,56.587054]]],[[[15.530694,56.587339],[15.528004,56.588139],[15.525907,56.588817],[15.526024,56.58884],[15.526381,56.588963],[15.526696,56.589163],[15.527116,56.589399],[15.527569,56.589603],[15.527756,56.589662],[15.52792,56.589842],[15.528079,56.589946],[15.528222,56.590054],[15.528414,56.590167],[15.528579,56.590191],[15.528743,56.590192],[15.529093,56.590302],[15.529283,56.590334],[15.529512,56.590287],[15.529658,56.590279],[15.529797,56.590243],[15.529884,56.590158],[15.529868,56.590088],[15.529767,56.589997],[15.529836,56.589866],[15.530022,56.589749],[15.530333,56.589698],[15.530697,56.589722],[15.530909,56.5898],[15.531131,56.58983],[15.531568,56.589778],[15.53177,56.589773],[15.532027,56.589661],[15.532051,56.589564],[15.532015,56.589522],[15.531951,56.589447],[15.531682,56.589298],[15.531465,56.589149],[15.531331,56.589047],[15.530822,56.58896],[15.530553,56.588804],[15.530475,56.588591],[15.530331,56.58848],[15.530346,56.588324],[15.530545,56.588236],[15.530862,56.588112],[15.530963,56.587819],[15.53092,56.587647],[15.530856,56.587529],[15.530716,56.587398],[15.530694,56.587339],[15.530694,56.587339]]],[[[15.510349,56.588104],[15.510341,56.588115],[15.510458,56.58819],[15.510349,56.588104]]],[[[15.525715,56.58878],[15.525715,56.58878],[15.525864,56.588809],[15.525715,56.58878]]],[[[15.513998,56.589211],[15.514185,56.589335],[15.514374,56.589461],[15.513998,56.589211]]]]}},{"type":"Feature","properties":{"name":"Plaggebo","trakt":"PLAGGEBO","etikett":""},"geometry":{"type":"MultiPolygon","coordinates":[[[[15.527209,56.554945],[15.527218,56.554943],[15.52715,56.55492],[15.527147,56.554921],[15.527209,56.554945]]],[[[15.527598,56.555211],[15.527423,56.555751],[15.527338,56.555855],[15.527304,56.556021],[15.527377,56.55608],[15.527768,56.556171],[15.527877,56.556147],[15.527948,56.556106],[15.528027,56.556133],[15.5281,56.55628],[15.528236,56.556333],[15.528329,56.55637],[15.528638,56.556412],[15.528689,56.556465],[15.528857,56.556601],[15.529013,56.556664],[15.529224,56.556696],[15.529358,56.556685],[15.52944,56.556706],[15.529427,56.556766],[15.529148,56.556866],[15.528948,56.556968],[15.5288,56.557133],[15.52878,56.557156],[15.528626,56.55731],[15.528503,56.557384],[15.528439,56.557445],[15.528559,56.557525],[15.528803,56.557613],[15.528969,56.557769],[15.529255,56.557903],[15.529685,56.558209],[15.529787,56.558333],[15.529813,56.55867],[15.529699,56.55887],[15.529553,56.558925],[15.5293,56.558896],[15.528805,56.558769],[15.528461,56.55888],[15.528393,56.5591],[15.528434,56.559249],[15.528524,56.559471],[15.528434,56.55984],[15.528569,56.560073],[15.528666,56.560204],[15.528681,56.560364],[15.528585,56.560508],[15.528433,56.560596],[15.528259,56.560587],[15.528081,56.56059],[15.527937,56.560648],[15.527683,56.560678],[15.527468,56.560633],[15.527325,56.560634],[15.526949,56.560714],[15.526572,56.560706],[15.526297,56.560737],[15.526006,56.560831],[15.525768,56.560855],[15.525493,56.560824],[15.525404,56.560741],[15.525261,56.560708],[15.52518,56.560673],[15.525223,56.560619],[15.525336,56.560607],[15.525415,56.56052],[15.525491,56.560368],[15.52577,56.56016],[15.525991,56.559923],[15.526184,56.559817],[15.52635,56.559766],[15.526434,56.559698],[15.526485,56.559604],[15.526572,56.559536],[15.526556,56.559456],[15.526395,56.559408],[15.526203,56.559339],[15.526153,56.559351],[15.525952,56.559255],[15.525911,56.559274],[15.525938,56.559378],[15.525954,56.559439],[15.525912,56.559456],[15.525861,56.559441],[15.525823,56.559392],[15.525627,56.559355],[15.525488,56.55946],[15.525419,56.55948],[15.525315,56.55948],[15.525274,56.559424],[15.525152,56.559397],[15.525003,56.559332],[15.524868,56.559263],[15.524873,56.559112],[15.524884,56.559049],[15.524785,56.558995],[15.524634,56.559014],[15.524443,56.559054],[15.524366,56.55907],[15.522874,56.55886],[15.522145,56.558655],[15.52144,56.558447],[15.520902,56.55832],[15.520622,56.558304],[15.520568,56.558332],[15.520965,56.558565],[15.524762,56.561464],[15.529927,56.560728],[15.530925,56.558337],[15.532369,56.557217],[15.532463,56.557141],[15.5341,56.555828],[15.527623,56.555083],[15.527623,56.555083],[15.527598,56.555211]],[[15.529486,56.555793],[15.529494,56.555741],[15.529477,56.555699],[15.529442,56.555663],[15.52937,56.555627],[15.529302,56.555563],[15.529316,56.555506],[15.529395,56.555452],[15.52942,56.55547],[15.529429,56.555539],[15.52945,56.555576],[15.529519,56.555603],[15.529595,56.555659],[15.529648,56.555702],[15.529652,56.555755],[15.529559,56.555848],[15.529389,56.555936],[15.529462,56.555831],[15.529486,56.555793]]]]}},{"type":"Feature","properties":{"name":"Samfällighet","trakt":"","etikett":""},"geometry":{"type":"MultiPolygon","coordinates":[[[[15.509491,56.565954],[15.509483,56.565959],[15.509491,56.565954],[15.509491,56.565954]]],[[[15.509264,56.573029],[15.509292,56.572994],[15.509428,56.572932],[15.509636,56.572916],[15.509745,56.572923],[15.509834,56.572957],[15.510057,56.572935],[15.510173,56.572873],[15.510302,56.572845],[15.51049,56.572898],[15.510637,56.57292],[15.51095,56.57292],[15.511332,56.572978],[15.511464,56.572882],[15.511697,56.572772],[15.51195,56.572677],[15.512312,56.572551],[15.512537,56.572464],[15.512688,56.572331],[15.512618,56.572071],[15.51246,56.571977],[15.51227,56.571913],[15.512077,56.571934],[15.511873,56.571937],[15.511647,56.571947],[15.511301,56.57203],[15.511103,56.572092],[15.510973,56.572128],[15.510787,56.57206],[15.510777,56.571903],[15.510804,56.571691],[15.510969,56.571579],[15.511269,56.571447],[15.511542,56.571263],[15.511718,56.571098],[15.511724,56.570942],[15.511459,56.570891],[15.511251,56.570904],[15.511194,56.570794],[15.511067,56.570714],[15.510763,56.570752],[15.510526,56.570705],[15.51039,56.570617],[15.510306,56.570536],[15.510255,56.570505],[15.510194,56.570468],[15.51019,56.570466],[15.510188,56.570464],[15.510051,56.570381],[15.509912,56.570228],[15.509904,56.570207],[15.509896,56.570197],[15.509892,56.570177],[15.509854,56.57008],[15.509858,56.569947],[15.509991,56.569797],[15.510182,56.569653],[15.510377,56.569624],[15.510549,56.569676],[15.510744,56.56977],[15.510755,56.569774],[15.510757,56.569776],[15.51077,56.569783],[15.510873,56.569863],[15.510896,56.569872],[15.510899,56.569884],[15.51095,56.569924],[15.510993,56.569958],[15.511205,56.570061],[15.511468,56.570161],[15.511654,56.570205],[15.511847,56.57022],[15.512,56.570174],[15.512019,56.570165],[15.512309,56.570019],[15.512437,56.56996],[15.512571,56.57],[15.512832,56.570167],[15.512905,56.570196],[15.512908,56.570198],[15.513066,56.570077],[15.513127,56.570087],[15.513114,56.570145],[15.51299,56.57022],[15.513,56.570247],[15.513188,56.570278],[15.513331,56.570303],[15.513547,56.570314],[15.513801,56.570352],[15.513961,56.570471],[15.51403,56.57061],[15.514217,56.570752],[15.514359,56.57094],[15.51438,56.570968],[15.514575,56.571194],[15.514871,56.571234],[15.515202,56.571194],[15.515263,56.571058],[15.515237,56.570829],[15.515244,56.570773],[15.510897,56.567911],[15.506055,56.572405],[15.506036,56.572427],[15.505285,56.573268],[15.5021,56.576838],[15.508818,56.582979],[15.511452,56.585378],[15.520009,56.586618],[15.520079,56.586542],[15.520071,56.586507],[15.519915,56.586413],[15.519796,56.586291],[15.519746,56.586149],[15.519674,56.58601],[15.519469,56.585894],[15.519296,56.585839],[15.519012,56.585844],[15.518782,56.585832],[15.518764,56.585784],[15.51876,56.585723],[15.518656,56.58571],[15.518545,56.585734],[15.518388,56.585716],[15.518196,56.585682],[15.518049,56.585678],[15.517849,56.585732],[15.51748,56.585687],[15.517174,56.585665],[15.516765,56.585626],[15.516571,56.585618],[15.516353,56.585633],[15.516011,56.585646],[15.515706,56.58556],[15.515588,56.585455],[15.515289,56.585317],[15.515154,56.585281],[15.51495,56.585184],[15.514841,56.585096],[15.5148,56.584978],[15.514802,56.584909],[15.514769,56.584808],[15.514646,56.584741],[15.514468,56.584686],[15.514275,56.584645],[15.51418,56.584571],[15.514114,56.584405],[15.514122,56.584307],[15.514202,56.584323],[15.514275,56.584287],[15.514236,56.584192],[15.514204,56.58407],[15.514226,56.583906],[15.514354,56.58381],[15.514402,56.583735],[15.514448,56.58371],[15.514713,56.58375],[15.514874,56.583749],[15.515091,56.583709],[15.515109,56.583678],[15.514707,56.583445],[15.514578,56.58337],[15.514443,56.583309],[15.514415,56.583182],[15.514415,56.583005],[15.51477,56.582518],[15.514845,56.582395],[15.514879,56.582263],[15.515018,56.582125],[15.515098,56.582076],[15.515181,56.581994],[15.515202,56.581973],[15.51517,56.581876],[15.515054,56.581819],[15.514558,56.581877],[15.514317,56.581923],[15.51423,56.581969],[15.514201,56.582131],[15.514112,56.582239],[15.513935,56.58226],[15.513659,56.582268],[15.513376,56.582232],[15.51305,56.582261],[15.512881,56.582289],[15.512606,56.582247],[15.512381,56.582254],[15.512086,56.582289],[15.511885,56.58227],[15.511542,56.58223],[15.511235,56.582211],[15.510899,56.582263],[15.510647,56.582295],[15.510498,56.582261],[15.510506,56.582174],[15.510553,56.582104],[15.510511,56.581993],[15.510647,56.5818],[15.510658,56.581637],[15.51084,56.581496],[15.511105,56.581308],[15.511439,56.581119],[15.511479,56.58098],[15.511402,56.580858],[15.511331,56.580829],[15.511255,56.580798],[15.51112,56.580777],[15.510855,56.5808],[15.510547,56.580857],[15.510313,56.580855],[15.51009,56.580876],[15.509701,56.580829],[15.5091,56.580966],[15.509049,56.581023],[15.508867,56.581142],[15.508724,56.581167],[15.508668,56.581156],[15.508668,56.581127],[15.50872,56.58108],[15.508709,56.581029],[15.508596,56.58096],[15.508558,56.580897],[15.508439,56.580834],[15.508319,56.580795],[15.508208,56.580764],[15.508203,56.580643],[15.508121,56.580538],[15.508122,56.580463],[15.508213,56.580465],[15.508385,56.580452],[15.508537,56.580413],[15.508651,56.580365],[15.508738,56.580242],[15.508796,56.579921],[15.508796,56.579921],[15.508828,56.579745],[15.508721,56.579696],[15.508799,56.579644],[15.508813,56.579561],[15.508694,56.579458],[15.508639,56.57941],[15.508376,56.579332],[15.508149,56.579228],[15.508079,56.579151],[15.508095,56.579108],[15.508185,56.579102],[15.508402,56.579102],[15.508652,56.579017],[15.508848,56.578869],[15.508982,56.578781],[15.509037,56.578725],[15.508984,56.578677],[15.508968,56.578662],[15.508616,56.578601],[15.508179,56.578602],[15.508027,56.578581],[15.507916,56.578591],[15.5079,56.578595],[15.507882,56.578644],[15.507869,56.578671],[15.507914,56.578694],[15.507669,56.578777],[15.507637,56.578809],[15.507604,56.578843],[15.507471,56.57889],[15.507317,56.57891],[15.507094,56.578864],[15.506624,56.57874],[15.506579,56.57874],[15.506461,56.578738],[15.506361,56.578736],[15.506139,56.578713],[15.506068,56.578654],[15.506015,56.578547],[15.506018,56.578366],[15.506051,56.578297],[15.506059,56.578222],[15.505709,56.578037],[15.505389,56.578014],[15.504855,56.577988],[15.504502,56.577975],[15.504237,56.577875],[15.504105,56.577717],[15.504023,56.577568],[15.503902,56.577311],[15.503905,56.577297],[15.503971,56.577018],[15.504109,56.576768],[15.504295,56.57634],[15.50431,56.576306],[15.504539,56.576065],[15.504843,56.575899],[15.505209,56.575788],[15.505467,56.575661],[15.505624,56.575496],[15.505599,56.575428],[15.505658,56.57541],[15.505868,56.575375],[15.506132,56.575286],[15.506261,56.575191],[15.506349,56.574993],[15.50635,56.57484],[15.506231,56.574757],[15.50601,56.574775],[15.505902,56.574795],[15.505766,56.574792],[15.505647,56.574774],[15.505643,56.574727],[15.505688,56.574632],[15.505703,56.574521],[15.505704,56.57441],[15.505872,56.574366],[15.506107,56.574318],[15.506127,56.574268],[15.506126,56.574179],[15.506273,56.573997],[15.506338,56.57399],[15.506515,56.574105],[15.506623,56.574214],[15.50683,56.57426],[15.507103,56.574341],[15.507294,56.574404],[15.50747,56.574374],[15.507608,56.574314],[15.50769,56.574214],[15.50785,56.574163],[15.508335,56.574378],[15.508588,56.574474],[15.508769,56.574487],[15.508852,56.574534],[15.508995,56.574562],[15.509317,56.574548],[15.509375,56.574524],[15.509394,56.574516],[15.509608,56.574428],[15.509718,56.574383],[15.509986,56.574178],[15.510133,56.573959],[15.510105,56.573818],[15.509965,56.573742],[15.509894,56.573726],[15.50964,56.57367],[15.509381,56.573584],[15.509225,56.573457],[15.509191,56.573252],[15.509187,56.573233],[15.509216,56.573091],[15.509264,56.573029]],[[15.504126,56.578121],[15.503979,56.578108],[15.503936,56.578058],[15.503967,56.578017],[15.504028,56.578],[15.504136,56.578019],[15.504175,56.578056],[15.504126,56.578121]],[[15.503603,56.577579],[15.503701,56.577666],[15.503662,56.577723],[15.503563,56.577723],[15.503383,56.577673],[15.5034,56.577592],[15.503443,56.577563],[15.503499,56.577551],[15.503603,56.577579]]]]}},{"type":"Feature","properties":{"name":"Tinkelsbo 1:3>2","trakt":"TINKELSBO","etikett":"1:3>2"},"geometry":{"type":"MultiPolygon","coordinates":[[[[15.519677,56.588639],[15.519838,56.588764],[15.520088,56.588807],[15.520319,56.588796],[15.520584,56.58879],[15.520925,56.588863],[15.521242,56.588953],[15.521424,56.588983],[15.521629,56.589018],[15.521788,56.589073],[15.522,56.589111],[15.522101,56.589106],[15.522292,56.589096],[15.522511,56.589044],[15.523083,56.588867],[15.523473,56.588809],[15.524125,56.588787],[15.524308,56.58878],[15.525042,56.588788],[15.525399,56.588785],[15.525659,56.588768],[15.525715,56.58878],[15.525715,56.58878],[15.525864,56.588809],[15.525907,56.588817],[15.528004,56.588139],[15.523248,56.587849],[15.522288,56.58796],[15.519419,56.588292],[15.519453,56.58838],[15.519614,56.588589],[15.519677,56.588639]]]]}},{"type":"Feature","properties":{"name":"Näset 1:1>1","trakt":"NÄSET","etikett":"1:1>1"},"geometry":{"type":"MultiPolygon","coordinates":[[[[15.494491,56.590181],[15.490356,56.590343],[15.490055,56.590435],[15.490055,56.590435],[15.490044,56.590487],[15.49006,56.590533],[15.490165,56.590604],[15.49016,56.590714],[15.490132,56.590796],[15.490077,56.590888],[15.489887,56.590958],[15.489829,56.590988],[15.48985,56.591011],[15.489851,56.591065],[15.489743,56.591074],[15.489668,56.591071],[15.489541,56.591079],[15.489486,56.591044],[15.489478,56.59091],[15.489496,56.590767],[15.489441,56.590742],[15.489322,56.590756],[15.489241,56.590826],[15.489183,56.590876],[15.489054,56.591108],[15.489013,56.591341],[15.489057,56.591508],[15.489207,56.591763],[15.489424,56.592006],[15.489461,56.591998],[15.489397,56.591719],[15.489381,56.591612],[15.489414,56.591567],[15.48949,56.591537],[15.489636,56.591514],[15.48982,56.591463],[15.490005,56.591432],[15.49018,56.59145],[15.490263,56.591573],[15.49036,56.591795],[15.490481,56.592006],[15.4906,56.592079],[15.490634,56.592168],[15.490736,56.592263],[15.490872,56.592313],[15.490953,56.592282],[15.490953,56.592187],[15.491091,56.592106],[15.491263,56.592087],[15.491486,56.592049],[15.4917,56.591984],[15.49178,56.591543],[15.494491,56.590181]]],[[[15.491325,56.594131],[15.491373,56.594089],[15.491389,56.59403],[15.491372,56.593919],[15.491351,56.593763],[15.491329,56.593556],[15.491302,56.593452],[15.491302,56.593366],[15.49132,56.593269],[15.491342,56.593175],[15.491418,56.592956],[15.491476,56.592861],[15.491518,56.59276],[15.491546,56.592634],[15.491607,56.592523],[15.491625,56.592388],[15.491651,56.59225],[15.491617,56.592273],[15.491549,56.592335],[15.491525,56.592513],[15.49145,56.592725],[15.49132,56.593032],[15.491228,56.593273],[15.491256,56.593805],[15.491322,56.593929],[15.491295,56.594062],[15.491157,56.594196],[15.490945,56.594345],[15.490692,56.594557],[15.490456,56.595039],[15.490274,56.595238],[15.490172,56.595332],[15.490135,56.595401],[15.489973,56.595477],[15.489906,56.595551],[15.489977,56.595609],[15.490053,56.595652],[15.490035,56.595684],[15.490017,56.595744],[15.490105,56.595798],[15.490346,56.595826],[15.490471,56.595791],[15.490438,56.595722],[15.490367,56.595664],[15.490372,56.595661],[15.490343,56.595553],[15.490299,56.595537],[15.490225,56.595486],[15.490271,56.595399],[15.490457,56.595215],[15.49066,56.595045],[15.490719,56.594922],[15.490794,56.59469],[15.490844,56.594585],[15.490962,56.594518],[15.491045,56.594349],[15.491168,56.594288],[15.491198,56.594266],[15.491117,56.594242],[15.491325,56.594131]]]]}},{"type":"Feature","properties":{"name":"Karamåla 3:16","trakt":"KARAMÅLA","etikett":"3:16"},"geometry":{"type":"MultiPolygon","coordinates":[[[[15.50431,56.576306],[15.504539,56.576065],[15.504843,56.575899],[15.505209,56.575788],[15.505467,56.575661],[15.505624,56.575496],[15.505599,56.575428],[15.505658,56.57541],[15.505868,56.575375],[15.506132,56.575286],[15.506261,56.575191],[15.506349,56.574993],[15.50635,56.57484],[15.506231,56.574757],[15.50601,56.574775],[15.505902,56.574795],[15.505766,56.574792],[15.505647,56.574774],[15.505643,56.574727],[15.505688,56.574632],[15.505703,56.574521],[15.505704,56.57441],[15.505872,56.574366],[15.506107,56.574318],[15.506127,56.574268],[15.506126,56.574179],[15.506273,56.573997],[15.506338,56.57399],[15.506515,56.574105],[15.506623,56.574214],[15.50683,56.57426],[15.507103,56.574341],[15.507294,56.574404],[15.50747,56.574374],[15.507608,56.574314],[15.50769,56.574214],[15.50785,56.574163],[15.508335,56.574378],[15.508588,56.574474],[15.508769,56.574487],[15.508852,56.574534],[15.508995,56.574562],[15.509317,56.574548],[15.509375,56.574524],[15.509608,56.574428],[15.509718,56.574383],[15.509986,56.574178],[15.510133,56.573959],[15.510105,56.573818],[15.509965,56.573742],[15.509894,56.573726],[15.50964,56.57367],[15.509381,56.573584],[15.509225,56.573457],[15.509191,56.573252],[15.509187,56.573233],[15.509216,56.573091],[15.509264,56.573029],[15.509292,56.572994],[15.509428,56.572932],[15.509636,56.572916],[15.509745,56.572923],[15.509834,56.572957],[15.510057,56.572935],[15.510173,56.572873],[15.510302,56.572845],[15.51049,56.572898],[15.510637,56.57292],[15.51095,56.57292],[15.511332,56.572978],[15.511464,56.572882],[15.511697,56.572772],[15.51195,56.572677],[15.512312,56.572551],[15.512537,56.572464],[15.512688,56.572331],[15.512618,56.572071],[15.51246,56.571977],[15.51227,56.571913],[15.512077,56.571934],[15.511873,56.571937],[15.511647,56.571947],[15.511301,56.57203],[15.511103,56.572092],[15.510973,56.572128],[15.510787,56.57206],[15.510777,56.571903],[15.510804,56.571691],[15.510969,56.571579],[15.511269,56.571447],[15.511542,56.571263],[15.511718,56.571098],[15.511724,56.570942],[15.511459,56.570891],[15.511251,56.570904],[15.511194,56.570794],[15.511067,56.570714],[15.510763,56.570752],[15.510526,56.570705],[15.51039,56.570617],[15.510306,56.570536],[15.510255,56.570505],[15.510194,56.570468],[15.510188,56.570464],[15.510051,56.570381],[15.509912,56.570228],[15.509904,56.570207],[15.5099,56.570196],[15.509892,56.570177],[15.509854,56.57008],[15.509858,56.569947],[15.509991,56.569797],[15.510182,56.569653],[15.510377,56.569624],[15.510549,56.569676],[15.510744,56.56977],[15.510757,56.569776],[15.51077,56.569783],[15.510873,56.569863],[15.510899,56.569884],[15.51095,56.569924],[15.510993,56.569958],[15.511205,56.570061],[15.511468,56.570161],[15.511654,56.570205],[15.511847,56.57022],[15.512,56.570174],[15.512019,56.570165],[15.512309,56.570019],[15.512437,56.56996],[15.512571,56.57],[15.512832,56.570167],[15.512905,56.570196],[15.512908,56.570198],[15.513066,56.570077],[15.513127,56.570087],[15.513114,56.570145],[15.51299,56.57022],[15.513,56.570247],[15.513188,56.570278],[15.513331,56.570303],[15.513547,56.570314],[15.513801,56.570352],[15.513961,56.570471],[15.51403,56.57061],[15.514217,56.570752],[15.514359,56.57094],[15.51438,56.570968],[15.514517,56.571127],[15.514575,56.571194],[15.514871,56.571234],[15.515202,56.571194],[15.515263,56.571058],[15.515237,56.570829],[15.515244,56.570773],[15.515244,56.570773],[15.510897,56.567911],[15.506055,56.572405],[15.506036,56.572427],[15.505285,56.573268],[15.5021,56.576838],[15.508818,56.582979],[15.511452,56.585378],[15.520009,56.586618],[15.520079,56.586542],[15.520071,56.586507],[15.519915,56.586413],[15.519796,56.586291],[15.519746,56.586149],[15.519674,56.58601],[15.519469,56.585894],[15.519296,56.585839],[15.519012,56.585844],[15.518782,56.585832],[15.518764,56.585784],[15.51876,56.585723],[15.518656,56.58571],[15.518545,56.585734],[15.518388,56.585716],[15.518196,56.585682],[15.518049,56.585678],[15.517849,56.585732],[15.51748,56.585687],[15.517174,56.585665],[15.516765,56.585626],[15.516571,56.585618],[15.516353,56.585633],[15.516011,56.585646],[15.515706,56.58556],[15.515588,56.585455],[15.515289,56.585317],[15.515154,56.585281],[15.51495,56.585184],[15.514841,56.585096],[15.5148,56.584978],[15.514802,56.584909],[15.514769,56.584808],[15.514646,56.584741],[15.514468,56.584686],[15.514275,56.584645],[15.51418,56.584571],[15.514114,56.584405],[15.514122,56.584307],[15.514202,56.584323],[15.514275,56.584287],[15.514236,56.584192],[15.514204,56.58407],[15.514226,56.583906],[15.514354,56.58381],[15.514402,56.583735],[15.514448,56.58371],[15.514713,56.58375],[15.514874,56.583749],[15.515091,56.583709],[15.515109,56.583678],[15.514707,56.583445],[15.514578,56.58337],[15.514443,56.583309],[15.514415,56.583182],[15.514415,56.583005],[15.51477,56.582518],[15.514845,56.582395],[15.514879,56.582263],[15.515018,56.582125],[15.515098,56.582076],[15.515181,56.581994],[15.515202,56.581973],[15.51517,56.581876],[15.515054,56.581819],[15.514558,56.581877],[15.514317,56.581923],[15.51423,56.581969],[15.514201,56.582131],[15.514112,56.582239],[15.513935,56.58226],[15.513659,56.582268],[15.513376,56.582232],[15.51305,56.582261],[15.512881,56.582289],[15.512606,56.582247],[15.512381,56.582254],[15.512086,56.582289],[15.511885,56.58227],[15.511738,56.582253],[15.511542,56.58223],[15.511235,56.582211],[15.510899,56.582263],[15.510647,56.582295],[15.510498,56.582261],[15.510506,56.582174],[15.510553,56.582104],[15.510511,56.581993],[15.510647,56.5818],[15.510658,56.581637],[15.51084,56.581496],[15.511105,56.581308],[15.511439,56.581119],[15.511479,56.58098],[15.511402,56.580858],[15.511331,56.580829],[15.511255,56.580798],[15.51112,56.580777],[15.510855,56.5808],[15.510547,56.580857],[15.510313,56.580855],[15.51009,56.580876],[15.5097,56.580822],[15.509599,56.580846],[15.509457,56.58088],[15.5091,56.580966],[15.509049,56.581023],[15.508867,56.581142],[15.508724,56.581167],[15.508668,56.581156],[15.508668,56.581127],[15.50872,56.58108],[15.508709,56.581029],[15.508596,56.58096],[15.508558,56.580897],[15.508439,56.580834],[15.508319,56.580795],[15.508208,56.580764],[15.508203,56.580643],[15.508121,56.580538],[15.508122,56.580463],[15.508213,56.580465],[15.508385,56.580452],[15.508537,56.580413],[15.508651,56.580365],[15.508738,56.580242],[15.508796,56.579921],[15.508796,56.579921],[15.508828,56.579745],[15.508721,56.579696],[15.508799,56.579644],[15.508813,56.579561],[15.508694,56.579458],[15.508639,56.57941],[15.508376,56.579332],[15.508149,56.579228],[15.508079,56.579151],[15.508095,56.579108],[15.508185,56.579102],[15.508402,56.579102],[15.508652,56.579017],[15.508848,56.578869],[15.508982,56.578781],[15.509037,56.578725],[15.508984,56.578677],[15.508968,56.578662],[15.508616,56.578601],[15.508293,56.578555],[15.508205,56.578555],[15.508046,56.578555],[15.507916,56.578591],[15.5079,56.578595],[15.507844,56.578611],[15.507827,56.578615],[15.507824,56.578658],[15.507849,56.578665],[15.507869,56.578671],[15.507914,56.578694],[15.507669,56.578777],[15.507637,56.578809],[15.507604,56.578843],[15.507471,56.57889],[15.507317,56.57891],[15.507094,56.578864],[15.506906,56.578802],[15.506699,56.578734],[15.506625,56.578738],[15.506579,56.57874],[15.506461,56.578738],[15.506361,56.578736],[15.506139,56.578713],[15.506068,56.578654],[15.506015,56.578547],[15.506018,56.578366],[15.506079,56.578316],[15.506076,56.578302],[15.506059,56.578222],[15.505709,56.578037],[15.505389,56.578014],[15.504855,56.577988],[15.504502,56.577975],[15.504237,56.577875],[15.504105,56.577717],[15.504023,56.577568],[15.503902,56.577311],[15.503905,56.577297],[15.503971,56.577018],[15.504109,56.576768],[15.504295,56.57634],[15.50431,56.576306]],[[15.504028,56.578],[15.504136,56.578019],[15.504175,56.578056],[15.504126,56.578121],[15.503979,56.578108],[15.503936,56.578058],[15.503967,56.578017],[15.504028,56.578]],[[15.503383,56.577673],[15.5034,56.577592],[15.503443,56.577563],[15.503499,56.577551],[15.503603,56.577579],[15.503701,56.577666],[15.503662,56.577723],[15.503563,56.577723],[15.503383,56.577673]]],[[[15.530639,56.587253],[15.530476,56.587169],[15.530227,56.587197],[15.529951,56.587206],[15.529702,56.58723],[15.529451,56.587281],[15.529009,56.587314],[15.528541,56.587243],[15.528168,56.587159],[15.527827,56.587221],[15.527409,56.587356],[15.527163,56.58738],[15.52682,56.587351],[15.526624,56.587314],[15.526348,56.587366],[15.52594,56.587363],[15.52547,56.58738],[15.525128,56.587387],[15.524753,56.587361],[15.524423,56.587237],[15.524197,56.587183],[15.523757,56.587021],[15.523517,56.586899],[15.52333,56.586796],[15.523076,56.586719],[15.522671,56.58666],[15.522196,56.586627],[15.521996,56.586649],[15.521847,56.586711],[15.521808,56.586742],[15.52166,56.586797],[15.521291,56.586823],[15.521064,56.586795],[15.520958,56.586711],[15.520792,56.586636],[15.520572,56.586625],[15.52041,56.5867],[15.520343,56.586704],[15.522288,56.58796],[15.523248,56.587849],[15.528004,56.588139],[15.530694,56.587339],[15.530694,56.587339],[15.530666,56.587267],[15.530639,56.587253]]]]}},{"type":"Feature","properties":{"name":"Buemåla 1:4","trakt":"BUEMÅLA","etikett":"1:4"},"geometry":{"type":"MultiPolygon","coordinates":[[[[15.53813,56.531477],[15.538056,56.531591],[15.538076,56.531746],[15.538114,56.531802],[15.538226,56.531968],[15.538511,56.532254],[15.538722,56.532415],[15.538906,56.532505],[15.539054,56.532596],[15.539235,56.532715],[15.539263,56.532799],[15.539258,56.532809],[15.539197,56.532937],[15.539205,56.532965],[15.539278,56.533233],[15.539345,56.533387],[15.539336,56.533514],[15.539144,56.533751],[15.539102,56.533768],[15.538869,56.53386],[15.538532,56.533852],[15.53829,56.533827],[15.538209,56.533819],[15.537819,56.533596],[15.537568,56.533512],[15.537156,56.533479],[15.537072,56.533486],[15.536921,56.533499],[15.536859,56.53362],[15.536763,56.533655],[15.536636,56.533671],[15.536453,56.533794],[15.536227,56.533947],[15.535865,56.534267],[15.535752,56.534346],[15.535667,56.534338],[15.535632,56.534278],[15.535617,56.534229],[15.535573,56.534211],[15.535445,56.534157],[15.535424,56.534087],[15.535275,56.533897],[15.535181,56.53382],[15.535158,56.533746],[15.535153,56.533729],[15.535081,56.533566],[15.534928,56.533457],[15.534602,56.533333],[15.534425,56.533189],[15.534306,56.533122],[15.533978,56.533085],[15.533748,56.533117],[15.533716,56.533141],[15.533583,56.533242],[15.53358,56.533297],[15.533578,56.533342],[15.533529,56.533514],[15.533348,56.533602],[15.533186,56.533645],[15.533151,56.533654],[15.533057,56.533678],[15.532932,56.533757],[15.532959,56.533931],[15.532916,56.534192],[15.532818,56.534415],[15.532732,56.534632],[15.532507,56.534792],[15.532292,56.534911],[15.532273,56.535036],[15.532351,56.535294],[15.532468,56.535545],[15.532469,56.535837],[15.532319,56.536062],[15.532123,56.536384],[15.532126,56.53651],[15.532284,56.536912],[15.532339,56.537196],[15.532473,56.537393],[15.532529,56.537579],[15.53262,56.537625],[15.532666,56.537683],[15.532627,56.537769],[15.532708,56.53784],[15.532796,56.537916],[15.532923,56.537957],[15.533265,56.538066],[15.533486,56.538138],[15.533655,56.538111],[15.533776,56.538156],[15.533952,56.538301],[15.534083,56.538296],[15.534232,56.538326],[15.53441,56.538386],[15.534575,56.538344],[15.534695,56.538281],[15.534817,56.538084],[15.534783,56.537622],[15.534625,56.537002],[15.534439,56.53646],[15.534366,56.536307],[15.534116,56.536152],[15.534158,56.535952],[15.534351,56.535707],[15.534662,56.535541],[15.534899,56.53529],[15.535018,56.535126],[15.53515,56.535005],[15.53526,56.535045],[15.535345,56.53518],[15.535487,56.535277],[15.53573,56.535342],[15.535977,56.535365],[15.536243,56.535438],[15.536445,56.535628],[15.536569,56.535923],[15.536767,56.536181],[15.537043,56.536494],[15.537107,56.53655],[15.537315,56.536731],[15.537898,56.536919],[15.538174,56.536959],[15.538454,56.537124],[15.538737,56.53729],[15.539115,56.537311],[15.53954,56.537235],[15.539788,56.537329],[15.539941,56.537491],[15.539812,56.537638],[15.539841,56.537786],[15.540003,56.537833],[15.540179,56.538009],[15.540196,56.538208],[15.54017,56.538314],[15.540291,56.538466],[15.540438,56.538552],[15.540357,56.53869],[15.540006,56.538957],[15.539884,56.539206],[15.539896,56.539238],[15.539977,56.539444],[15.540222,56.539573],[15.540223,56.539574],[15.540556,56.539614],[15.540568,56.539615],[15.540955,56.539571],[15.541378,56.539584],[15.541419,56.539585],[15.54161,56.539587],[15.541673,56.539599],[15.541753,56.539613],[15.541813,56.539624],[15.541786,56.53968],[15.54178,56.539692],[15.541741,56.53977],[15.541701,56.539898],[15.541666,56.539922],[15.541499,56.540031],[15.541304,56.540108],[15.541287,56.540181],[15.541276,56.540231],[15.541236,56.540399],[15.541454,56.540508],[15.541724,56.540534],[15.541972,56.540663],[15.542213,56.540973],[15.542277,56.541055],[15.542394,56.541252],[15.542374,56.541426],[15.542265,56.541559],[15.54234,56.541649],[15.542528,56.541732],[15.542618,56.541859],[15.542743,56.541991],[15.542908,56.542055],[15.542996,56.542147],[15.542946,56.542235],[15.542868,56.542307],[15.542974,56.542383],[15.543132,56.5424],[15.543259,56.542462],[15.543253,56.542551],[15.543157,56.542658],[15.543157,56.54272],[15.543246,56.542781],[15.54329,56.542834],[15.543374,56.542852],[15.543501,56.542911],[15.543493,56.542989],[15.543397,56.543034],[15.543289,56.543104],[15.543321,56.543155],[15.543353,56.543234],[15.54336,56.543278],[15.543424,56.543294],[15.54345,56.543373],[15.543357,56.543454],[15.543263,56.543479],[15.543138,56.543553],[15.54306,56.543571],[15.543052,56.543509],[15.543093,56.543448],[15.543025,56.543382],[15.542875,56.543381],[15.542692,56.543386],[15.542558,56.543305],[15.542557,56.543171],[15.542478,56.543083],[15.542327,56.543032],[15.541948,56.543098],[15.541682,56.543218],[15.541429,56.54341],[15.541118,56.543708],[15.540979,56.543945],[15.540963,56.544196],[15.541132,56.544388],[15.541444,56.54452],[15.541563,56.544549],[15.541624,56.544537],[15.541642,56.544486],[15.541797,56.54444],[15.541887,56.544481],[15.541956,56.544561],[15.542111,56.544591],[15.542294,56.544521],[15.542504,56.544469],[15.542603,56.544508],[15.542542,56.544618],[15.54255,56.544728],[15.543019,56.544985],[15.543112,56.544993],[15.54315,56.544962],[15.543344,56.545001],[15.543592,56.545064],[15.543606,56.545168],[15.543953,56.545385],[15.544239,56.545494],[15.544373,56.545588],[15.544421,56.545669],[15.544416,56.545705],[15.544346,56.545782],[15.544322,56.545851],[15.544355,56.54594],[15.544361,56.546052],[15.544307,56.54615],[15.544165,56.546234],[15.544029,56.546235],[15.543949,56.546156],[15.543893,56.546122],[15.543779,56.546168],[15.543763,56.546272],[15.543858,56.546346],[15.543874,56.546385],[15.543817,56.546468],[15.543768,56.546606],[15.543796,56.546701],[15.543863,56.546795],[15.54392,56.546895],[15.54405,56.546962],[15.544177,56.546984],[15.544319,56.54705],[15.544322,56.54719],[15.54425,56.547319],[15.544095,56.547347],[15.543964,56.547418],[15.543971,56.547527],[15.544074,56.547575],[15.544054,56.547708],[15.543988,56.547829],[15.543881,56.547928],[15.543719,56.547936],[15.543585,56.547877],[15.543509,56.547788],[15.543353,56.547825],[15.543314,56.547845],[15.543132,56.547937],[15.543022,56.548002],[15.542896,56.548004],[15.542727,56.547934],[15.542574,56.547832],[15.542475,56.547821],[15.542317,56.547885],[15.54224,56.547917],[15.541953,56.548072],[15.541643,56.548179],[15.541595,56.548243],[15.541658,56.548389],[15.541601,56.5485],[15.541446,56.548529],[15.541235,56.548506],[15.541101,56.548529],[15.541088,56.548533],[15.541009,56.548555],[15.540866,56.548626],[15.540653,56.548977],[15.540771,56.549147],[15.541034,56.549369],[15.541364,56.549596],[15.541507,56.549675],[15.541884,56.549884],[15.542021,56.549921],[15.542111,56.549912],[15.542199,56.549933],[15.542243,56.550016],[15.542265,56.55011],[15.542372,56.550249],[15.542495,56.550295],[15.54262,56.550275],[15.542708,56.550294],[15.542629,56.550406],[15.542671,56.550512],[15.542718,56.550593],[15.542645,56.550657],[15.542471,56.550733],[15.542427,56.550839],[15.542572,56.550977],[15.542776,56.551105],[15.542868,56.551194],[15.542862,56.55133],[15.542779,56.551459],[15.542636,56.551592],[15.542398,56.551696],[15.542084,56.551906],[15.542133,56.552048],[15.542367,56.552186],[15.542255,56.552392],[15.542036,56.552593],[15.542017,56.552672],[15.541979,56.552835],[15.541907,56.552856],[15.541856,56.552753],[15.541722,56.552671],[15.541631,56.552615],[15.5415,56.552591],[15.541089,56.552597],[15.540884,56.552565],[15.540684,56.552491],[15.540529,56.552404],[15.540332,56.552346],[15.540049,56.552364],[15.539847,56.552361],[15.539576,56.552348],[15.539365,56.552316],[15.539282,56.552222],[15.539185,56.55216],[15.53913,56.552125],[15.538943,56.552069],[15.538791,56.552066],[15.5387,56.5521],[15.538677,56.552177],[15.538634,56.552236],[15.538524,56.552184],[15.538412,56.552166],[15.53831,56.552195],[15.538248,56.552193],[15.53824,56.552147],[15.538271,56.552117],[15.53818,56.552069],[15.538014,56.552065],[15.537928,56.551986],[15.537921,56.55189],[15.537933,56.55181],[15.537627,56.551595],[15.537582,56.551362],[15.537598,56.551168],[15.53753,56.551096],[15.537247,56.551018],[15.536976,56.55096],[15.536699,56.550876],[15.536475,56.550974],[15.536334,56.551174],[15.536123,56.551412],[15.535836,56.551578],[15.535474,56.551696],[15.535285,56.551742],[15.535174,56.551814],[15.535176,56.551891],[15.535474,56.552101],[15.535579,56.552107],[15.535712,56.552094],[15.535855,56.5521],[15.535863,56.552192],[15.53562,56.552275],[15.535255,56.552376],[15.535177,56.552449],[15.535037,56.552498],[15.534802,56.552538],[15.534758,56.552574],[15.534734,56.552656],[15.534725,56.552689],[15.534611,56.552742],[15.534471,56.552828],[15.534339,56.552837],[15.534241,56.552795],[15.534235,56.552687],[15.534163,56.552655],[15.534087,56.552621],[15.533625,56.552549],[15.533439,56.552524],[15.533241,56.552563],[15.533112,56.552652],[15.533033,56.552707],[15.53298,56.552759],[15.532786,56.55275],[15.532577,56.552747],[15.53244,56.55282],[15.53224,56.552874],[15.531949,56.552894],[15.531657,56.552953],[15.531443,56.553072],[15.531265,56.553186],[15.531086,56.553227],[15.530836,56.553239],[15.530751,56.55325],[15.530695,56.553349],[15.530635,56.553414],[15.530451,56.553421],[15.530254,56.553452],[15.530138,56.553535],[15.53001,56.553587],[15.529854,56.553607],[15.52974,56.55367],[15.529721,56.553737],[15.529664,56.553801],[15.529594,56.553767],[15.529586,56.553676],[15.529612,56.553583],[15.529259,56.553413],[15.529135,56.553291],[15.529171,56.553145],[15.529243,56.552975],[15.529222,56.552831],[15.529074,56.552802],[15.528929,56.552754],[15.528663,56.552763],[15.52845,56.552848],[15.528407,56.552865],[15.52815,56.552934],[15.527932,56.553038],[15.527871,56.55314],[15.527765,56.553261],[15.527798,56.553416],[15.527925,56.553511],[15.527921,56.553598],[15.527703,56.553751],[15.527687,56.553832],[15.52769,56.553926],[15.527603,56.554038],[15.527621,56.554149],[15.527712,56.5543],[15.527726,56.554392],[15.52784,56.554445],[15.52787,56.554561],[15.527685,56.554642],[15.527563,56.554649],[15.527438,56.55476],[15.52715,56.55492],[15.527218,56.554943],[15.527487,56.5549],[15.527567,56.554902],[15.527637,56.555008],[15.527623,56.555083],[15.527623,56.555083],[15.5341,56.555828],[15.541522,56.555718],[15.546886,56.553049],[15.54646,56.54855],[15.545317,56.547645],[15.545522,56.545471],[15.548606,56.542029],[15.538978,56.531778],[15.538057,56.531118],[15.538045,56.531341],[15.538082,56.531409],[15.53813,56.531477]],[[15.542436,56.537127],[15.542632,56.537232],[15.542866,56.537461],[15.54288,56.537607],[15.542747,56.53783],[15.542579,56.537911],[15.542448,56.537907],[15.542371,56.537754],[15.542404,56.537644],[15.542391,56.537501],[15.54235,56.537424],[15.542225,56.53729],[15.542295,56.53716],[15.542436,56.537127]],[[15.545165,56.541522],[15.545248,56.541542],[15.545326,56.541596],[15.545412,56.541665],[15.545509,56.541727],[15.54567,56.541853],[15.545837,56.542013],[15.545864,56.542131],[15.545871,56.542193],[15.545707,56.542209],[15.545504,56.542213],[15.545322,56.542196],[15.54519,56.542127],[15.544993,56.542057],[15.544798,56.542016],[15.544682,56.541926],[15.544676,56.541877],[15.544744,56.541823],[15.544829,56.541698],[15.544904,56.541549],[15.544959,56.541474],[15.544986,56.541428],[15.54505,56.541398],[15.545103,56.541451],[15.54511,56.54149],[15.545165,56.541522]],[[15.540412,56.553988],[15.540719,56.55386],[15.540943,56.553794],[15.541114,56.553837],[15.541162,56.553877],[15.541273,56.553923],[15.541518,56.553913],[15.541712,56.553867],[15.541999,56.553649],[15.542097,56.553459],[15.542168,56.553416],[15.542219,56.553496],[15.542322,56.553606],[15.542527,56.553699],[15.542509,56.553794],[15.54251,56.553972],[15.542608,56.554077],[15.542761,56.554152],[15.542781,56.554295],[15.542634,56.5544],[15.54233,56.554452],[15.542126,56.554577],[15.542173,56.554615],[15.542251,56.554735],[15.542223,56.554843],[15.542044,56.554845],[15.54187,56.554761],[15.541661,56.554681],[15.541409,56.554683],[15.540508,56.554842],[15.540458,56.554907],[15.540513,56.554978],[15.540509,56.555084],[15.540459,56.555164],[15.540308,56.555236],[15.540113,56.555258],[15.539967,56.555233],[15.539869,56.555127],[15.539845,56.555035],[15.539841,56.554963],[15.539964,56.554842],[15.540152,56.554817],[15.540386,56.554776],[15.540432,56.554679],[15.540335,56.554545],[15.540177,56.554309],[15.54023,56.554169],[15.540412,56.553988]],[[15.543023,56.553996],[15.542853,56.553958],[15.542739,56.5539],[15.542728,56.553827],[15.542817,56.553802],[15.542931,56.553801],[15.543009,56.553746],[15.543209,56.55364],[15.543337,56.553622],[15.54343,56.55367],[15.543385,56.553764],[15.543226,56.553906],[15.543023,56.553996]],[[15.543644,56.549134],[15.543688,56.549074],[15.543787,56.549052],[15.543945,56.549064],[15.544073,56.54909],[15.544256,56.549134],[15.544415,56.549112],[15.544537,56.549043],[15.544697,56.548892],[15.54486,56.548793],[15.545044,56.548757],[15.545159,56.548803],[15.545192,56.548876],[15.545091,56.548957],[15.544869,56.549087],[15.544752,56.549212],[15.544702,56.549376],[15.544638,56.549548],[15.544528,56.549608],[15.544324,56.549628],[15.544116,56.549635],[15.543955,56.549562],[15.543889,56.549486],[15.543864,56.549426],[15.54391,56.549353],[15.543927,56.549314],[15.543861,56.549267],[15.543696,56.549183],[15.543644,56.549134]],[[15.546169,56.548859],[15.546183,56.548893],[15.546162,56.548929],[15.546072,56.548946],[15.546003,56.548948],[15.545905,56.548987],[15.545953,56.548882],[15.545969,56.548859],[15.546003,56.54882],[15.546051,56.548796],[15.546129,56.548819],[15.546169,56.548859]],[[15.543523,56.549146],[15.543421,56.549185],[15.543245,56.549229],[15.543173,56.549194],[15.543125,56.549135],[15.543124,56.549113],[15.543135,56.549063],[15.543208,56.549048],[15.543492,56.549071],[15.543587,56.549087],[15.543523,56.549146]],[[15.545141,56.539952],[15.545223,56.539958],[15.545252,56.539977],[15.54526,56.540045],[15.545115,56.540055],[15.544978,56.540016],[15.544919,56.539997],[15.544959,56.539969],[15.545037,56.539959],[15.545141,56.539952]]]]}},{"type":"Feature","properties":{"name":"Skälstånga 1:3","trakt":"SKÄLSTÅNGA","etikett":"1:3"},"geometry":{"type":"MultiPolygon","coordinates":[[[[15.539183,56.531259],[15.539101,56.531167],[15.539,56.531081],[15.538884,56.531111],[15.538869,56.531115],[15.538777,56.53112],[15.538254,56.531025],[15.538057,56.531118],[15.538978,56.531778],[15.548606,56.542029],[15.555856,56.541385],[15.555855,56.541381],[15.555926,56.541356],[15.555936,56.541358],[15.556774,56.538183],[15.556828,56.537867],[15.556778,56.537857],[15.556749,56.537734],[15.5567,56.537592],[15.556505,56.537557],[15.555989,56.537588],[15.555441,56.537605],[15.554947,56.537572],[15.554586,56.537538],[15.554314,56.537541],[15.554013,56.537583],[15.553618,56.53757],[15.553307,56.537502],[15.553025,56.537441],[15.552902,56.537459],[15.552787,56.537659],[15.552555,56.537732],[15.552475,56.537634],[15.552603,56.537455],[15.552856,56.537266],[15.552863,56.537127],[15.552833,56.537048],[15.552614,56.536944],[15.552504,56.536942],[15.552439,56.536901],[15.5525,56.536771],[15.55258,56.536659],[15.552591,56.536594],[15.552579,56.536435],[15.552183,56.536287],[15.551918,56.536182],[15.551805,56.536204],[15.551713,56.536222],[15.551527,56.536315],[15.551424,56.536398],[15.551242,56.536514],[15.551274,56.536608],[15.551215,56.536663],[15.550975,56.536905],[15.550907,56.537159],[15.550704,56.5373],[15.550567,56.537459],[15.550528,56.537792],[15.550388,56.537988],[15.550281,56.538443],[15.550116,56.538632],[15.549937,56.538756],[15.549925,56.538806],[15.54999,56.538858],[15.549947,56.538991],[15.549673,56.53916],[15.549379,56.539159],[15.548982,56.539027],[15.548735,56.538802],[15.548736,56.53861],[15.549002,56.538398],[15.54909,56.538242],[15.548981,56.538121],[15.548765,56.538044],[15.548653,56.537923],[15.548793,56.537518],[15.548682,56.537428],[15.548388,56.537391],[15.548175,56.53729],[15.547972,56.537275],[15.547648,56.53726],[15.547287,56.537131],[15.546963,56.536784],[15.546561,56.536273],[15.546405,56.536041],[15.546443,56.535993],[15.546425,56.535957],[15.54631,56.535888],[15.546155,56.535876],[15.54594,56.535751],[15.545998,56.535666],[15.546117,56.535645],[15.546367,56.535696],[15.54653,56.535764],[15.546639,56.535736],[15.546729,56.535636],[15.54658,56.535372],[15.546187,56.534891],[15.545996,56.534803],[15.545774,56.534773],[15.545638,56.534824],[15.545355,56.535092],[15.545266,56.535146],[15.54512,56.535135],[15.544923,56.534983],[15.544725,56.534727],[15.544472,56.534584],[15.544144,56.534468],[15.543888,56.534298],[15.543791,56.53415],[15.543595,56.533991],[15.543553,56.533823],[15.543389,56.533687],[15.543119,56.533635],[15.542786,56.533617],[15.54258,56.533614],[15.542336,56.533715],[15.542136,56.533786],[15.541903,56.533821],[15.541797,56.533793],[15.541858,56.53361],[15.542146,56.53349],[15.542413,56.533425],[15.542479,56.533371],[15.54248,56.533366],[15.542499,56.533291],[15.542492,56.533203],[15.54229,56.533006],[15.542054,56.532963],[15.54203,56.532958],[15.541829,56.532943],[15.541704,56.53281],[15.54173,56.532703],[15.541744,56.532683],[15.541871,56.532636],[15.541849,56.532625],[15.541703,56.532557],[15.541589,56.532524],[15.541449,56.532392],[15.541361,56.532372],[15.541336,56.532281],[15.541336,56.532281],[15.541112,56.532307],[15.540742,56.532315],[15.540387,56.532408],[15.54024,56.532486],[15.540025,56.532426],[15.53986,56.532107],[15.539511,56.531611],[15.539508,56.53159],[15.539476,56.53135],[15.539406,56.531335],[15.539254,56.531301],[15.539254,56.531301],[15.539183,56.531259]],[[15.545418,56.535516],[15.545371,56.535446],[15.545399,56.535419],[15.545495,56.535427],[15.54558,56.535466],[15.545593,56.535495],[15.545563,56.535556],[15.545471,56.535565],[15.545418,56.535516]],[[15.545908,56.537987],[15.545692,56.537945],[15.545595,56.53787],[15.545673,56.537803],[15.545779,56.537799],[15.545915,56.537818],[15.546058,56.537868],[15.546035,56.537963],[15.545908,56.537987]],[[15.553851,56.53823],[15.553749,56.538265],[15.553514,56.538281],[15.553504,56.538222],[15.553536,56.538156],[15.553555,56.538132],[15.553612,56.538126],[15.553798,56.538167],[15.553851,56.53823]],[[15.550718,56.539918],[15.550403,56.539959],[15.55014,56.539883],[15.550102,56.539804],[15.550295,56.539697],[15.550539,56.539657],[15.550706,56.539656],[15.550783,56.539663],[15.550886,56.539707],[15.550901,56.539796],[15.550718,56.539918]],[[15.550884,56.540974],[15.550865,56.541028],[15.550727,56.541044],[15.550628,56.54098],[15.550619,56.54088],[15.55061,56.540832],[15.550637,56.54081],[15.550689,56.540829],[15.550884,56.540974]],[[15.551142,56.541103],[15.550987,56.541033],[15.55101,56.540989],[15.551106,56.540991],[15.551176,56.541011],[15.551298,56.541063],[15.551254,56.541105],[15.551142,56.541103]]]]}},{"type":"Feature","properties":{"name":"Långasjö-Parismåla 1:4","trakt":"LÅNGASJÖ-PARISMÅLA","etikett":"1:4"},"geometry":{"type":"MultiPolygon","coordinates":[[[[15.48502,56.584718],[15.484762,56.584713],[15.484635,56.584661],[15.484469,56.584638],[15.484378,56.58458],[15.484244,56.584497],[15.483913,56.584421],[15.483752,56.584427],[15.483462,56.584437],[15.483192,56.584549],[15.483011,56.584806],[15.482951,56.585004],[15.48299,56.585269],[15.48308,56.585507],[15.483109,56.585632],[15.483063,56.585692],[15.482995,56.585731],[15.483004,56.585813],[15.482995,56.585849],[15.482993,56.585856],[15.482971,56.585941],[15.482915,56.586008],[15.482914,56.586008],[15.482887,56.58604],[15.482768,56.586156],[15.482767,56.586248],[15.482804,56.586418],[15.482777,56.586464],[15.482652,56.586508],[15.482624,56.586543],[15.482648,56.586584],[15.48271,56.586604],[15.482751,56.586617],[15.482846,56.586636],[15.482922,56.586663],[15.482976,56.586682],[15.483055,56.586845],[15.48305,56.586957],[15.483001,56.587007],[15.483003,56.587091],[15.483031,56.587189],[15.483039,56.587202],[15.483097,56.587307],[15.483035,56.587434],[15.482928,56.58759],[15.482902,56.587715],[15.482916,56.587826],[15.482992,56.588007],[15.483089,56.588174],[15.483094,56.588231],[15.48306,56.588303],[15.483012,56.58837],[15.48296,56.588483],[15.482953,56.588498],[15.482969,56.588528],[15.483134,56.58866],[15.483208,56.588666],[15.483246,56.588665],[15.483285,56.588692],[15.483292,56.5887],[15.483314,56.588726],[15.483393,56.588845],[15.483493,56.588879],[15.483642,56.588948],[15.483929,56.589118],[15.484058,56.58932],[15.484026,56.589417],[15.484014,56.589453],[15.48402,56.589582],[15.484083,56.589709],[15.484069,56.58985],[15.484107,56.589949],[15.484157,56.590034],[15.484105,56.590105],[15.484005,56.590139],[15.484179,56.590196],[15.484411,56.590258],[15.48462,56.590273],[15.48486,56.590268],[15.485043,56.590286],[15.48523,56.590254],[15.485242,56.590145],[15.485179,56.590106],[15.485212,56.590029],[15.485306,56.59],[15.485519,56.589884],[15.485689,56.589777],[15.485788,56.589683],[15.485829,56.589536],[15.4858,56.589236],[15.485803,56.589055],[15.4858,56.588965],[15.485987,56.588881],[15.485989,56.588704],[15.485888,56.588351],[15.485851,56.58813],[15.485836,56.587824],[15.485862,56.587762],[15.485913,56.58775],[15.486266,56.587542],[15.486393,56.587524],[15.486488,56.587453],[15.486603,56.587304],[15.486623,56.587169],[15.486571,56.587025],[15.486485,56.586974],[15.486504,56.586898],[15.486614,56.586841],[15.487196,56.586736],[15.487514,56.586652],[15.48788,56.586609],[15.487915,56.586604],[15.488263,56.586587],[15.488443,56.586552],[15.488641,56.586513],[15.488734,56.586484],[15.488735,56.586484],[15.488903,56.586424],[15.489104,56.586334],[15.489259,56.586342],[15.489432,56.586263],[15.489545,56.586257],[15.489671,56.586301],[15.489815,56.586296],[15.489853,56.586211],[15.489952,56.58616],[15.490064,56.586241],[15.490026,56.586319],[15.489956,56.586411],[15.489969,56.586509],[15.490036,56.586531],[15.490013,56.58666],[15.490106,56.586773],[15.490212,56.586846],[15.49031,56.587126],[15.490398,56.587204],[15.490425,56.587326],[15.49066,56.587595],[15.490877,56.587725],[15.490936,56.587841],[15.490893,56.587955],[15.490893,56.588056],[15.490811,56.588106],[15.49063,56.588121],[15.490442,56.588174],[15.490243,56.588269],[15.490137,56.58838],[15.490105,56.588458],[15.490078,56.588551],[15.490188,56.58865],[15.490254,56.58872],[15.49024,56.588789],[15.490209,56.588843],[15.490103,56.588867],[15.489967,56.588821],[15.48977,56.588809],[15.489639,56.588793],[15.489388,56.588848],[15.489294,56.588876],[15.489165,56.588958],[15.489101,56.589044],[15.489092,56.589231],[15.489145,56.589313],[15.489223,56.589386],[15.489234,56.589503],[15.489207,56.589675],[15.489235,56.589746],[15.489407,56.589887],[15.489851,56.590034],[15.49014,56.590119],[15.490324,56.590202],[15.490371,56.590275],[15.490356,56.590343],[15.494491,56.590181],[15.490468,56.585752],[15.489363,56.585654],[15.488924,56.586103],[15.488436,56.586039],[15.485962,56.585715],[15.488392,56.58259],[15.489024,56.581778],[15.489024,56.581778],[15.489006,56.581783],[15.488921,56.581746],[15.488889,56.581667],[15.488782,56.581684],[15.488791,56.581739],[15.488697,56.581827],[15.488382,56.581847],[15.488263,56.581855],[15.487918,56.58202],[15.487868,56.582043],[15.487592,56.582256],[15.487188,56.58252],[15.487116,56.582567],[15.486738,56.582692],[15.486285,56.582831],[15.486098,56.582961],[15.486094,56.583087],[15.486106,56.58313],[15.486143,56.583261],[15.486019,56.583476],[15.485843,56.583625],[15.485569,56.583713],[15.485498,56.583798],[15.485488,56.583962],[15.485568,56.584037],[15.485633,56.584223],[15.485546,56.584396],[15.48543,56.584547],[15.485301,56.584653],[15.48502,56.584718]],[[15.484266,56.585557],[15.48433,56.585575],[15.484356,56.585582],[15.484393,56.585616],[15.484379,56.585673],[15.48443,56.585729],[15.484443,56.585795],[15.484341,56.585849],[15.484286,56.585922],[15.484307,56.585988],[15.484209,56.586013],[15.484039,56.586001],[15.484006,56.585982],[15.483915,56.58593],[15.483894,56.5858],[15.484136,56.585499],[15.484189,56.585501],[15.48421,56.585501],[15.484254,56.585545],[15.484266,56.585557]],[[15.48465,56.588817],[15.484599,56.588761],[15.484532,56.58865],[15.484512,56.588544],[15.484576,56.588466],[15.484613,56.588462],[15.484647,56.588459],[15.484703,56.588491],[15.484772,56.58857],[15.484777,56.588643],[15.484774,56.588678],[15.484742,56.588768],[15.48471,56.588829],[15.484666,56.58882],[15.48465,56.588817]],[[15.491144,56.588411],[15.491,56.588282],[15.490913,56.588177],[15.490966,56.588116],[15.491059,56.58814],[15.491234,56.588174],[15.491321,56.588238],[15.491539,56.588363],[15.491581,56.588499],[15.491522,56.588523],[15.491284,56.5885],[15.491144,56.588411]]],[[[15.490055,56.590435],[15.490055,56.590435],[15.490356,56.590343],[15.490238,56.59037],[15.490146,56.590359],[15.490062,56.590401],[15.490055,56.590435]]]]}},{"type":"Feature","properties":{"name":"Målatorp S","trakt":"MÅLATORP","etikett":"S"},"geometry":{"type":"MultiPolygon","coordinates":[[[[15.566671,56.543444],[15.56645,56.543474],[15.566448,56.543475],[15.5664,56.543496],[15.566323,56.543492],[15.566318,56.543493],[15.564071,56.543806],[15.561574,56.542526],[15.561402,56.542491],[15.55601,56.541394],[15.556023,56.541413],[15.556009,56.541458],[15.556035,56.541517],[15.556022,56.541513],[15.558702,56.545463],[15.558704,56.545463],[15.559097,56.545513],[15.559357,56.545479],[15.5594,56.545422],[15.55959,56.545433],[15.559972,56.545488],[15.560274,56.545466],[15.560444,56.545413],[15.560527,56.54528],[15.560611,56.54524],[15.560661,56.545267],[15.560592,56.545424],[15.560618,56.545489],[15.560706,56.545561],[15.560816,56.545682],[15.560773,56.545924],[15.560875,56.546006],[15.561114,56.546015],[15.561379,56.546005],[15.561381,56.546005],[15.561638,56.545892],[15.561829,56.545828],[15.561879,56.545701],[15.561879,56.545701],[15.561879,56.5457],[15.56197,56.545609],[15.562178,56.545517],[15.5623,56.545476],[15.562483,56.545475],[15.562618,56.545475],[15.563029,56.54548],[15.563323,56.545451],[15.563778,56.545431],[15.56421,56.545379],[15.564386,56.54531],[15.564463,56.545217],[15.564418,56.545069],[15.564316,56.544958],[15.564233,56.54489],[15.564133,56.544822],[15.564131,56.544764],[15.564131,56.544764],[15.564131,56.544763],[15.564193,56.544725],[15.56427,56.544716],[15.564358,56.544756],[15.564433,56.544782],[15.564682,56.544754],[15.564829,56.544707],[15.565027,56.544441],[15.565032,56.544317],[15.565033,56.544317],[15.565033,56.544317],[15.565133,56.544212],[15.565255,56.544172],[15.565377,56.544153],[15.565493,56.544164],[15.565729,56.544196],[15.566002,56.544196],[15.566278,56.544268],[15.566792,56.544367],[15.567021,56.544346],[15.567351,56.544221],[15.567539,56.544044],[15.567562,56.543919],[15.567474,56.543875],[15.567463,56.543756],[15.567442,56.543709],[15.567452,56.543655],[15.567359,56.543524],[15.567268,56.543499],[15.566961,56.54349],[15.566671,56.543444]],[[15.561394,56.543691],[15.561274,56.54368],[15.561295,56.543614],[15.561324,56.543476],[15.561341,56.54332],[15.561386,56.54306],[15.561398,56.543055],[15.561592,56.542973],[15.561798,56.54298],[15.561984,56.543101],[15.562019,56.543243],[15.561939,56.543391],[15.561749,56.543555],[15.561405,56.543692],[15.561394,56.543691]]]]}},{"type":"Feature","properties":{"name":"Törsbo 2:10>2","trakt":"TÖRSBO","etikett":"2:10>2"},"geometry":{"type":"MultiPolygon","coordinates":[[[[15.49178,56.591543],[15.4917,56.591984],[15.49206,56.591874],[15.492178,56.591766],[15.492127,56.591666],[15.492122,56.591543],[15.492228,56.591412],[15.492323,56.591336],[15.49237,56.591364],[15.492228,56.59151],[15.492222,56.591596],[15.492223,56.591597],[15.492279,56.591639],[15.492315,56.591686],[15.492348,56.591737],[15.492385,56.591764],[15.492463,56.591762],[15.492507,56.591775],[15.492496,56.591803],[15.49243,56.591813],[15.4924,56.591889],[15.492316,56.591941],[15.492087,56.592015],[15.491765,56.592132],[15.491743,56.59215],[15.491706,56.592212],[15.491651,56.59225],[15.491625,56.592388],[15.491607,56.592523],[15.491546,56.592634],[15.491518,56.59276],[15.491476,56.592861],[15.491418,56.592956],[15.491342,56.593175],[15.49132,56.593269],[15.491302,56.593366],[15.491302,56.593452],[15.491329,56.593556],[15.491351,56.593763],[15.491372,56.593919],[15.491389,56.59403],[15.491373,56.594089],[15.491325,56.594131],[15.491117,56.594242],[15.491198,56.594266],[15.491394,56.594125],[15.49145,56.59403],[15.49135,56.593426],[15.491337,56.593301],[15.491407,56.593103],[15.491557,56.592809],[15.491668,56.592536],[15.491677,56.592433],[15.491705,56.592356],[15.491715,56.592329],[15.491853,56.592248],[15.491989,56.592153],[15.492212,56.592037],[15.492265,56.592018],[15.492328,56.592012],[15.492484,56.591941],[15.492556,56.591832],[15.492592,56.591803],[15.492585,56.591748],[15.492504,56.591724],[15.49243,56.591715],[15.492397,56.59167],[15.492323,56.591609],[15.492294,56.59157],[15.492294,56.591521],[15.492358,56.591472],[15.492455,56.591433],[15.492521,56.591464],[15.492576,56.591497],[15.492665,56.591542],[15.492712,56.591614],[15.492709,56.591664],[15.492756,56.591826],[15.492721,56.591949],[15.492782,56.592098],[15.493022,56.592079],[15.493239,56.592099],[15.493422,56.592105],[15.49365,56.5921],[15.493891,56.592083],[15.493891,56.592083],[15.493812,56.591954],[15.493605,56.591916],[15.493455,56.591846],[15.493525,56.591715],[15.493749,56.591662],[15.494101,56.591609],[15.494358,56.591545],[15.494537,56.591551],[15.494862,56.591589],[15.495216,56.591601],[15.495458,56.591557],[15.495724,56.591448],[15.496105,56.591348],[15.496431,56.591288],[15.49665,56.591239],[15.496819,56.591241],[15.496874,56.59129],[15.496879,56.591397],[15.496974,56.591459],[15.497197,56.59148],[15.49738,56.591482],[15.497602,56.591464],[15.497825,56.591461],[15.498119,56.591428],[15.498639,56.591293],[15.498717,56.591273],[15.498947,56.591187],[15.498984,56.591157],[15.49903,56.591161],[15.499032,56.591161],[15.499052,56.591199],[15.499128,56.591236],[15.499243,56.591233],[15.499338,56.591215],[15.499342,56.591163],[15.499337,56.591128],[15.499254,56.591124],[15.499274,56.591106],[15.499301,56.591083],[15.499452,56.591071],[15.499751,56.591078],[15.499997,56.591035],[15.500218,56.590947],[15.500455,56.590837],[15.500705,56.59073],[15.500872,56.590599],[15.501042,56.590446],[15.50121,56.590311],[15.501413,56.590094],[15.501486,56.589935],[15.501667,56.589621],[15.501725,56.58952],[15.501914,56.5893],[15.50221,56.589036],[15.502333,56.588914],[15.50259,56.588568],[15.502709,56.588421],[15.502804,56.588303],[15.503077,56.587979],[15.503281,56.587856],[15.503479,56.587789],[15.50348,56.587788],[15.503677,56.587627],[15.503891,56.587167],[15.504086,56.586836],[15.504146,56.586696],[15.504267,56.586555],[15.504693,56.586345],[15.50484,56.586182],[15.504844,56.585837],[15.50483,56.585708],[15.504903,56.585575],[15.50509,56.585463],[15.505354,56.585326],[15.505531,56.585295],[15.505837,56.585296],[15.506306,56.585311],[15.506641,56.585299],[15.506856,56.585244],[15.507098,56.585092],[15.507269,56.584898],[15.507403,56.584766],[15.507518,56.584693],[15.507645,56.584674],[15.507723,56.584695],[15.507833,56.584759],[15.507845,56.584843],[15.50775,56.584959],[15.507668,56.585178],[15.507677,56.58539],[15.50784,56.585594],[15.508052,56.585828],[15.508032,56.586081],[15.507956,56.586309],[15.507871,56.586408],[15.507943,56.586605],[15.508117,56.58684],[15.508265,56.586949],[15.508404,56.587068],[15.508434,56.5872],[15.508573,56.587361],[15.508775,56.587616],[15.508929,56.587717],[15.509215,56.587784],[15.509695,56.587864],[15.510103,56.587962],[15.510341,56.588115],[15.510349,56.588104],[15.510458,56.58819],[15.510467,56.588287],[15.510479,56.588403],[15.510559,56.588558],[15.510684,56.588663],[15.51081,56.58869],[15.51101,56.588681],[15.511184,56.588619],[15.511266,56.588307],[15.511392,56.588091],[15.511546,56.587868],[15.511612,56.587713],[15.511562,56.587586],[15.511414,56.587418],[15.511362,56.587249],[15.511435,56.587063],[15.511522,56.587001],[15.511741,56.58698],[15.512152,56.587048],[15.512376,56.587073],[15.512581,56.587054],[15.512725,56.586953],[15.512762,56.586886],[15.512819,56.586782],[15.513025,56.586548],[15.513243,56.586375],[15.513441,56.586273],[15.513564,56.586283],[15.513672,56.586388],[15.513676,56.586503],[15.513659,56.586607],[15.51373,56.586665],[15.513793,56.586751],[15.513731,56.586799],[15.513483,56.586897],[15.513341,56.586999],[15.513318,56.587357],[15.513462,56.587499],[15.513525,56.587533],[15.51369,56.587621],[15.513831,56.587722],[15.513829,56.587816],[15.513665,56.587956],[15.513587,56.588056],[15.513629,56.588192],[15.513638,56.588335],[15.51364,56.588381],[15.513618,56.588582],[15.513492,56.588646],[15.513521,56.58875],[15.513643,56.588847],[15.513747,56.58898],[15.513998,56.589211],[15.514374,56.589461],[15.51477,56.589679],[15.515028,56.589873],[15.515229,56.590309],[15.515394,56.590439],[15.515549,56.59049],[15.515732,56.590515],[15.515853,56.59063],[15.51608,56.590708],[15.516434,56.590753],[15.516688,56.590748],[15.516887,56.590686],[15.517034,56.590556],[15.51725,56.590481],[15.517625,56.590436],[15.518124,56.590351],[15.518373,56.59022],[15.518423,56.590074],[15.518446,56.589987],[15.518355,56.589922],[15.518263,56.589897],[15.518251,56.589811],[15.518255,56.589654],[15.518175,56.589614],[15.517838,56.589598],[15.517487,56.589528],[15.517327,56.589375],[15.517296,56.589099],[15.517186,56.588938],[15.517087,56.588762],[15.517118,56.58859],[15.517222,56.588432],[15.517414,56.58829],[15.517562,56.588214],[15.517719,56.588086],[15.5179,56.587903],[15.517977,56.587746],[15.517881,56.58757],[15.517751,56.587411],[15.517744,56.587285],[15.517905,56.587223],[15.518087,56.587115],[15.518224,56.587052],[15.518658,56.586973],[15.518953,56.586934],[15.51934,56.586818],[15.519514,56.586725],[15.519588,56.58668],[15.519635,56.586621],[15.519819,56.586621],[15.519952,56.586645],[15.519994,56.586635],[15.520009,56.586618],[15.511452,56.585378],[15.508818,56.582979],[15.494491,56.590181],[15.49178,56.591543]],[[15.512123,56.585962],[15.512221,56.585919],[15.512339,56.585919],[15.512406,56.585956],[15.512402,56.586008],[15.512359,56.586044],[15.5123,56.586052],[15.512253,56.586044],[15.512193,56.586033],[15.512131,56.586002],[15.512123,56.585962]],[[15.495429,56.590915],[15.495413,56.590841],[15.495496,56.590766],[15.495712,56.590711],[15.495895,56.590709],[15.496103,56.59079],[15.496208,56.590893],[15.496185,56.590963],[15.496073,56.591006],[15.495954,56.591005],[15.495883,56.59101],[15.495697,56.591023],[15.495592,56.591007],[15.495429,56.590915]]],[[[15.520168,56.58675],[15.520413,56.58684],[15.520506,56.586941],[15.520576,56.587124],[15.5205,56.587316],[15.520287,56.587442],[15.520081,56.587592],[15.51973,56.587709],[15.519595,56.587784],[15.519423,56.587853],[15.519373,56.587975],[15.519365,56.588155],[15.519419,56.588292],[15.522288,56.58796],[15.520343,56.586704],[15.520239,56.586711],[15.520168,56.58675]]]]}},{"type":"Feature","properties":{"name":"Törestorp 2:22","trakt":"TÖRESTORP","etikett":"2:22"},"geometry":{"type":"MultiPolygon","coordinates":[[[[15.564236,56.535454],[15.564147,56.535255],[15.564103,56.535094],[15.563882,56.535036],[15.563702,56.535051],[15.563267,56.535087],[15.562774,56.535157],[15.562377,56.535254],[15.562178,56.535343],[15.562023,56.5354],[15.561862,56.535572],[15.561777,56.535741],[15.561648,56.536105],[15.561486,56.53617],[15.561443,56.536159],[15.561069,56.536063],[15.560638,56.535934],[15.560481,56.53571],[15.560507,56.535564],[15.560507,56.535425],[15.560398,56.535403],[15.560254,56.535373],[15.559755,56.535399],[15.559564,56.535439],[15.559499,56.535491],[15.559475,56.535511],[15.559513,56.53566],[15.559624,56.535768],[15.559639,56.535939],[15.559607,56.536176],[15.559518,56.536354],[15.559506,56.536541],[15.559528,56.536691],[15.559451,56.536788],[15.559132,56.536847],[15.55886,56.536823],[15.558623,56.536754],[15.558446,56.536763],[15.558281,56.53696],[15.558268,56.537108],[15.558315,56.537273],[15.558268,56.537361],[15.558023,56.537393],[15.557812,56.537415],[15.557719,56.53749],[15.557766,56.537589],[15.55763,56.537711],[15.55721,56.537828],[15.556956,56.537891],[15.556828,56.537867],[15.556774,56.538183],[15.555936,56.541358],[15.555995,56.541371],[15.55601,56.541394],[15.561402,56.542491],[15.561574,56.542526],[15.564071,56.543806],[15.566318,56.543493],[15.566323,56.543492],[15.566283,56.54349],[15.566143,56.543424],[15.566109,56.543353],[15.566007,56.543302],[15.565882,56.54327],[15.565631,56.543347],[15.565436,56.543414],[15.565296,56.543418],[15.565178,56.543383],[15.564945,56.543231],[15.564822,56.543101],[15.564727,56.543021],[15.564752,56.542935],[15.565189,56.542779],[15.565458,56.542663],[15.565606,56.542556],[15.565568,56.542468],[15.56538,56.542398],[15.565213,56.542311],[15.565195,56.542228],[15.565324,56.542097],[15.565531,56.541947],[15.565615,56.541821],[15.56557,56.541714],[15.565426,56.541599],[15.565309,56.541526],[15.56512,56.541454],[15.564888,56.541489],[15.564766,56.54155],[15.564683,56.541583],[15.564483,56.541535],[15.56446,56.541458],[15.564563,56.541423],[15.564938,56.54142],[15.565068,56.541405],[15.565193,56.541349],[15.56548,56.541252],[15.565945,56.540946],[15.566021,56.540883],[15.566133,56.540879],[15.566154,56.540742],[15.566108,56.54054],[15.566025,56.5405],[15.566125,56.540401],[15.566329,56.54026],[15.566636,56.539975],[15.566779,56.539907],[15.566747,56.53986],[15.566676,56.539799],[15.566744,56.539759],[15.56688,56.539747],[15.566969,56.539695],[15.567114,56.539639],[15.567297,56.539681],[15.567624,56.539651],[15.567874,56.539534],[15.568071,56.539355],[15.56812,56.539212],[15.568057,56.53917],[15.567914,56.539165],[15.567822,56.539123],[15.567815,56.539072],[15.567897,56.538994],[15.568079,56.53893],[15.568144,56.538818],[15.567925,56.538722],[15.567587,56.538653],[15.567291,56.538535],[15.567095,56.538397],[15.567067,56.538203],[15.567027,56.538098],[15.566943,56.537994],[15.56674,56.537944],[15.566734,56.537942],[15.566348,56.537986],[15.565996,56.537997],[15.565635,56.53794],[15.565521,56.537909],[15.565313,56.537854],[15.565146,56.537761],[15.565002,56.537707],[15.564878,56.537697],[15.564643,56.537589],[15.564594,56.537583],[15.564526,56.537601],[15.564426,56.537613],[15.564426,56.537613],[15.564334,56.537613],[15.56421,56.537624],[15.564029,56.537601],[15.563868,56.537516],[15.563748,56.537372],[15.563745,56.537251],[15.56379,56.537158],[15.563825,56.537123],[15.563886,56.537098],[15.563918,56.537097],[15.563921,56.537101],[15.56393,56.537112],[15.563964,56.53712],[15.564045,56.537106],[15.564141,56.537076],[15.564226,56.537051],[15.564311,56.537],[15.564368,56.536937],[15.564411,56.53687],[15.5645,56.53681],[15.564512,56.536753],[15.564546,56.536712],[15.564682,56.53663],[15.564715,56.536521],[15.564727,56.536369],[15.564761,56.536194],[15.564777,56.536071],[15.564758,56.536042],[15.564711,56.535971],[15.564568,56.535839],[15.564397,56.535686],[15.564282,56.535533],[15.564256,56.535499],[15.564252,56.53549],[15.564236,56.535454]],[[15.563903,56.542499],[15.563861,56.542397],[15.563864,56.542234],[15.563966,56.542176],[15.564088,56.54217],[15.56421,56.54223],[15.564238,56.542336],[15.564209,56.542451],[15.564198,56.542465],[15.564131,56.542511],[15.564024,56.54252],[15.563903,56.542499]],[[15.563623,56.541507],[15.563488,56.541482],[15.563409,56.541405],[15.5634,56.541304],[15.563436,56.541268],[15.563497,56.54127],[15.563554,56.541305],[15.563585,56.541385],[15.563567,56.541418],[15.563601,56.541451],[15.563655,56.541486],[15.563623,56.541507]],[[15.5609,56.540518],[15.56088,56.540616],[15.560669,56.540684],[15.560397,56.540745],[15.559968,56.540831],[15.559922,56.540784],[15.559979,56.540716],[15.560175,56.540633],[15.560434,56.540508],[15.560689,56.540466],[15.5609,56.540518]],[[15.558977,56.537888],[15.558739,56.537864],[15.55851,56.537729],[15.558439,56.53758],[15.55851,56.537476],[15.558693,56.537442],[15.558914,56.537463],[15.559125,56.537529],[15.559299,56.537626],[15.559312,56.537682],[15.559305,56.537743],[15.559216,56.537849],[15.558977,56.537888]]],[[[15.566974,56.543489],[15.566961,56.543489],[15.566671,56.543443],[15.566531,56.543438],[15.566448,56.543475],[15.56645,56.543474],[15.566671,56.543444],[15.566961,56.54349],[15.566974,56.543489]]]]}},{"type":"Feature","properties":{"name":"Ekeboryd 1:4>1","trakt":"EKEBORYD","etikett":"1:4>1"},"geometry":{"type":"MultiPolygon","coordinates":[[[[15.512202,56.562002],[15.512108,56.562097],[15.511999,56.562139],[15.511874,56.562167],[15.511873,56.562168],[15.511873,56.562168],[15.511706,56.562125],[15.511512,56.562182],[15.511279,56.562172],[15.511118,56.562285],[15.510932,56.562354],[15.510823,56.562431],[15.510621,56.562455],[15.510405,56.56255],[15.51021,56.562745],[15.510209,56.562746],[15.510007,56.562851],[15.509868,56.562936],[15.509829,56.562976],[15.509877,56.563006],[15.509787,56.563116],[15.509757,56.563245],[15.509736,56.563401],[15.509729,56.563416],[15.509679,56.563514],[15.509499,56.563562],[15.509497,56.563627],[15.50947,56.563697],[15.509355,56.563779],[15.50935,56.563949],[15.509386,56.564022],[15.509455,56.564167],[15.509461,56.564429],[15.509411,56.564587],[15.509444,56.564682],[15.509655,56.564813],[15.509735,56.564962],[15.509842,56.565282],[15.509912,56.565361],[15.509956,56.565443],[15.50988,56.565516],[15.509752,56.565621],[15.509778,56.56569],[15.509771,56.565783],[15.509491,56.565954],[15.509491,56.565954],[15.509483,56.565959],[15.509279,56.566167],[15.509299,56.566241],[15.509282,56.566332],[15.509159,56.566428],[15.50916,56.566494],[15.509216,56.566626],[15.509317,56.566708],[15.509389,56.566894],[15.509364,56.567089],[15.509484,56.567129],[15.509673,56.567199],[15.509685,56.567302],[15.509492,56.567371],[15.509348,56.567395],[15.509019,56.567417],[15.508861,56.567416],[15.508842,56.567416],[15.508668,56.567479],[15.508536,56.567623],[15.508555,56.567743],[15.508725,56.567851],[15.508844,56.568063],[15.508912,56.568265],[15.50884,56.568484],[15.508665,56.568661],[15.5084,56.568806],[15.50812,56.568921],[15.507746,56.568961],[15.507484,56.568908],[15.507319,56.568707],[15.507181,56.568638],[15.507005,56.56866],[15.506773,56.568778],[15.506726,56.569073],[15.50673,56.569279],[15.506642,56.569428],[15.506461,56.569508],[15.506195,56.569532],[15.505972,56.569512],[15.505795,56.569518],[15.505655,56.56956],[15.505652,56.569637],[15.50579,56.569753],[15.505913,56.569942],[15.505935,56.57009],[15.505999,56.570173],[15.505915,56.570267],[15.505871,56.570356],[15.505751,56.570541],[15.505601,56.570694],[15.505341,56.570819],[15.505198,56.570951],[15.505198,56.570996],[15.505198,56.571105],[15.505224,56.571329],[15.505141,56.571459],[15.504943,56.571541],[15.504535,56.571567],[15.504508,56.571565],[15.50417,56.571539],[15.503872,56.571589],[15.503651,56.571734],[15.506036,56.572427],[15.506055,56.572405],[15.510897,56.567911],[15.510283,56.564514],[15.512729,56.562659],[15.517928,56.563803],[15.519402,56.565583],[15.522799,56.564634],[15.525182,56.564077],[15.524945,56.563527],[15.523526,56.562083],[15.523687,56.561769],[15.523629,56.561641],[15.523766,56.561616],[15.523772,56.561604],[15.524762,56.561464],[15.520965,56.558565],[15.520568,56.558332],[15.520462,56.558386],[15.520497,56.558532],[15.520629,56.558669],[15.520694,56.558805],[15.520617,56.558993],[15.520602,56.559136],[15.520855,56.559293],[15.521044,56.559456],[15.521134,56.559515],[15.521206,56.559522],[15.521339,56.559499],[15.521472,56.559505],[15.521469,56.559593],[15.521043,56.560025],[15.521041,56.560167],[15.520859,56.560401],[15.520703,56.560431],[15.52059,56.560442],[15.520236,56.560655],[15.520251,56.560696],[15.520266,56.560741],[15.520369,56.560858],[15.52043,56.560928],[15.520586,56.560969],[15.520688,56.560996],[15.52114,56.561047],[15.52146,56.561021],[15.521826,56.56104],[15.522087,56.561148],[15.522157,56.561205],[15.522281,56.561337],[15.52225,56.561385],[15.522239,56.56144],[15.522495,56.561543],[15.522621,56.561477],[15.522649,56.56141],[15.522716,56.561342],[15.522845,56.561292],[15.52299,56.561293],[15.523138,56.561319],[15.523249,56.561427],[15.52328,56.561546],[15.52321,56.561611],[15.523181,56.561637],[15.523077,56.56166],[15.522879,56.561626],[15.522724,56.561622],[15.522542,56.561675],[15.522483,56.561758],[15.522497,56.561811],[15.522512,56.561869],[15.522522,56.561883],[15.522556,56.561929],[15.522559,56.561933],[15.522559,56.561933],[15.52265,56.561918],[15.52275,56.561883],[15.522879,56.561855],[15.523,56.561879],[15.523121,56.561895],[15.523185,56.56186],[15.523257,56.561797],[15.523364,56.561766],[15.523442,56.561865],[15.523441,56.561998],[15.523458,56.562052],[15.523484,56.56213],[15.523545,56.562264],[15.523638,56.56238],[15.523658,56.562494],[15.523702,56.562593],[15.523757,56.562742],[15.523825,56.562761],[15.523941,56.562822],[15.52404,56.562877],[15.524168,56.562976],[15.524302,56.563055],[15.524459,56.563103],[15.524572,56.563193],[15.52465,56.563308],[15.524642,56.563398],[15.524691,56.563544],[15.52469,56.563666],[15.524653,56.563792],[15.524574,56.563878],[15.524453,56.563925],[15.524199,56.56394],[15.524193,56.563943],[15.52398,56.56393],[15.523562,56.563883],[15.523208,56.56386],[15.523073,56.563883],[15.523023,56.563891],[15.522833,56.563894],[15.52264,56.563921],[15.522347,56.563864],[15.522125,56.563886],[15.522067,56.563943],[15.522153,56.564001],[15.522231,56.564082],[15.522057,56.564169],[15.522012,56.564246],[15.521983,56.564329],[15.521842,56.564363],[15.521777,56.564399],[15.521699,56.564412],[15.52168,56.564458],[15.521786,56.564516],[15.521835,56.564597],[15.521834,56.564633],[15.521645,56.56466],[15.521489,56.564721],[15.521308,56.564779],[15.521129,56.564837],[15.520891,56.564943],[15.52071,56.56503],[15.520548,56.565139],[15.52039,56.565179],[15.520167,56.565289],[15.519998,56.565341],[15.519808,56.56537],[15.519598,56.565317],[15.51944,56.565241],[15.519304,56.565148],[15.519157,56.565019],[15.519094,56.564938],[15.519122,56.564821],[15.519122,56.564821],[15.519104,56.564564],[15.519172,56.564418],[15.519366,56.564256],[15.519586,56.563983],[15.51975,56.5638],[15.519983,56.563643],[15.519997,56.563511],[15.519939,56.563346],[15.519747,56.563267],[15.5191,56.563065],[15.519,56.563034],[15.518779,56.563001],[15.518445,56.563066],[15.518214,56.563139],[15.518022,56.563155],[15.517916,56.56311],[15.517858,56.562988],[15.517756,56.562896],[15.517571,56.562853],[15.517001,56.562855],[15.516761,56.562888],[15.516591,56.562977],[15.516405,56.563053],[15.51627,56.563045],[15.516248,56.562947],[15.516165,56.562904],[15.515925,56.56288],[15.515525,56.562865],[15.515311,56.562818],[15.515246,56.562644],[15.515408,56.562516],[15.515786,56.562333],[15.516029,56.562163],[15.516108,56.562063],[15.515983,56.561967],[15.515833,56.561888],[15.51577,56.561874],[15.514956,56.562194],[15.514773,56.562245],[15.514613,56.562232],[15.514493,56.562161],[15.514475,56.562061],[15.51432,56.561937],[15.514009,56.561804],[15.513679,56.561799],[15.513204,56.561842],[15.513017,56.561886],[15.512825,56.561873],[15.512622,56.561829],[15.512443,56.561852],[15.512265,56.561937],[15.512202,56.562002]]]]}},{"type":"Feature","properties":{"name":"Trollamåla 1:13","trakt":"TROLLAMÅLA","etikett":"1:13"},"geometry":{"type":"MultiPolygon","coordinates":[[[[15.493296,56.581454],[15.493052,56.581516],[15.492847,56.581685],[15.492714,56.581875],[15.492329,56.582256],[15.492176,56.582524],[15.49192,56.582651],[15.491674,56.582792],[15.491583,56.583004],[15.491614,56.583135],[15.491496,56.583171],[15.49127,56.583069],[15.491155,56.582935],[15.490985,56.582871],[15.490935,56.582722],[15.49099,56.582519],[15.490935,56.582327],[15.49074,56.582216],[15.48982,56.581748],[15.489534,56.581697],[15.489314,56.581716],[15.489185,56.581726],[15.489024,56.581778],[15.489024,56.581778],[15.488392,56.58259],[15.485962,56.585715],[15.488436,56.586039],[15.488924,56.586103],[15.489363,56.585654],[15.490468,56.585752],[15.494491,56.590181],[15.508818,56.582979],[15.5021,56.576838],[15.505285,56.573268],[15.506036,56.572427],[15.503651,56.571734],[15.50362,56.571754],[15.503571,56.571795],[15.503493,56.57186],[15.503472,56.57188],[15.503377,56.571968],[15.503209,56.572328],[15.503207,56.572331],[15.503059,56.572763],[15.502961,56.573127],[15.502847,56.573278],[15.502827,56.573306],[15.502505,56.573553],[15.502093,56.573735],[15.501746,56.573931],[15.50164,56.573991],[15.501385,56.574182],[15.501253,56.574411],[15.501257,56.574449],[15.501275,56.574621],[15.50146,56.574811],[15.501559,56.574902],[15.501483,56.575032],[15.501179,56.575139],[15.500835,56.575318],[15.500518,56.575539],[15.500308,56.575735],[15.499936,56.576059],[15.499593,56.576369],[15.499134,56.576673],[15.498719,56.576983],[15.49813,56.577424],[15.49798,56.577584],[15.497687,56.577779],[15.497491,56.578026],[15.497404,56.578243],[15.497305,56.578456],[15.497209,56.578754],[15.497202,56.579012],[15.497257,56.579203],[15.497462,56.57942],[15.497489,56.579551],[15.497369,56.579832],[15.497197,56.580133],[15.496857,56.580561],[15.496595,56.580831],[15.496364,56.581069],[15.495894,56.581438],[15.4954,56.581736],[15.495283,56.581882],[15.494994,56.582001],[15.494556,56.581941],[15.493991,56.581593],[15.493843,56.581401],[15.493657,56.581336],[15.493488,56.581356],[15.493453,56.581374],[15.493296,56.581454]],[[15.490693,56.583522],[15.491098,56.583438],[15.491418,56.583464],[15.491687,56.583535],[15.491961,56.58362],[15.492293,56.583653],[15.492555,56.583631],[15.492966,56.583698],[15.493101,56.583712],[15.493189,56.583684],[15.49326,56.583717],[15.493342,56.583645],[15.493453,56.583656],[15.493656,56.583657],[15.493809,56.583651],[15.49391,56.583663],[15.494002,56.583624],[15.494104,56.583574],[15.494216,56.58354],[15.494317,56.583552],[15.494419,56.583513],[15.494572,56.583452],[15.494704,56.583413],[15.494877,56.58338],[15.494999,56.583363],[15.495152,56.583302],[15.495254,56.583218],[15.495305,56.583179],[15.495418,56.583129],[15.49552,56.583062],[15.495561,56.582995],[15.495602,56.582899],[15.495643,56.582849],[15.495796,56.582861],[15.495907,56.582889],[15.496049,56.5829],[15.496171,56.582918],[15.496252,56.582963],[15.496434,56.582997],[15.496504,56.583115],[15.496564,56.58326],[15.496624,56.583356],[15.496684,56.583474],[15.496734,56.583558],[15.496815,56.583629],[15.496855,56.583665],[15.496957,56.583726],[15.496987,56.583743],[15.497069,56.583774],[15.497177,56.58378],[15.497276,56.583897],[15.497253,56.58403],[15.497178,56.584272],[15.497119,56.584511],[15.497162,56.584722],[15.497308,56.584875],[15.497503,56.584942],[15.497751,56.585045],[15.497881,56.585202],[15.497944,56.585289],[15.497945,56.585291],[15.498067,56.585312],[15.498186,56.585293],[15.498229,56.585286],[15.498301,56.585245],[15.49836,56.585241],[15.49838,56.585298],[15.498334,56.585373],[15.498259,56.585422],[15.498224,56.585444],[15.498155,56.585421],[15.498116,56.585388],[15.497968,56.585377],[15.497859,56.585421],[15.497748,56.585602],[15.497747,56.58561],[15.497718,56.585769],[15.497692,56.585855],[15.49772,56.585929],[15.49791,56.586018],[15.49816,56.586087],[15.498371,56.586119],[15.498792,56.586201],[15.498973,56.586259],[15.4991,56.586438],[15.499066,56.586601],[15.499021,56.586725],[15.498896,56.586827],[15.498805,56.586885],[15.498786,56.586912],[15.498804,56.586947],[15.498841,56.586989],[15.498733,56.587092],[15.498719,56.587203],[15.49868,56.587292],[15.498503,56.587342],[15.498338,56.587409],[15.498047,56.587396],[15.497884,56.587442],[15.49774,56.58755],[15.497691,56.587742],[15.497834,56.587931],[15.498011,56.58803],[15.498032,56.588042],[15.498077,56.588118],[15.497891,56.588329],[15.497702,56.588427],[15.497672,56.588423],[15.497566,56.588405],[15.497469,56.588373],[15.497311,56.588348],[15.497236,56.58838],[15.497084,56.588445],[15.496949,56.58848],[15.496692,56.588547],[15.496476,56.58858],[15.496281,56.588609],[15.49601,56.588656],[15.495662,56.588717],[15.495527,56.588761],[15.495319,56.58891],[15.495097,56.589],[15.494955,56.589073],[15.49488,56.589112],[15.494657,56.589132],[15.494589,56.58908],[15.49459,56.58907],[15.494607,56.588936],[15.494507,56.588904],[15.494377,56.588864],[15.494354,56.588822],[15.494307,56.588742],[15.494432,56.588657],[15.494479,56.588508],[15.49451,56.588409],[15.494543,56.588378],[15.494635,56.588289],[15.494659,56.588266],[15.494839,56.588199],[15.494942,56.588109],[15.495041,56.587864],[15.49515,56.587768],[15.495396,56.587618],[15.495462,56.587454],[15.495452,56.587197],[15.495397,56.586968],[15.495395,56.586958],[15.495369,56.58675],[15.495353,56.586622],[15.495372,56.586503],[15.495404,56.586311],[15.495415,56.586246],[15.495531,56.58602],[15.495886,56.585536],[15.496163,56.585407],[15.496352,56.585356],[15.496367,56.585352],[15.496416,56.585294],[15.49669,56.584969],[15.496721,56.584932],[15.496635,56.584796],[15.496553,56.584749],[15.496499,56.584719],[15.496443,56.584687],[15.496219,56.584596],[15.496087,56.584469],[15.496098,56.584398],[15.496329,56.584176],[15.496353,56.584153],[15.496395,56.584126],[15.496618,56.583982],[15.4966,56.583941],[15.496599,56.583939],[15.496477,56.58391],[15.496294,56.58396],[15.49608,56.584049],[15.495968,56.584083],[15.495816,56.584088],[15.495796,56.584009],[15.495909,56.583943],[15.49599,56.583881],[15.495889,56.583814],[15.495727,56.583847],[15.495635,56.583891],[15.495543,56.58388],[15.495544,56.583773],[15.495443,56.583773],[15.495351,56.583807],[15.495269,56.583857],[15.495238,56.583946],[15.495106,56.583997],[15.494943,56.584075],[15.494881,56.584153],[15.494759,56.584147],[15.494617,56.58413],[15.494617,56.584219],[15.494697,56.584276],[15.494829,56.584304],[15.494818,56.584371],[15.494716,56.584483],[15.494584,56.584455],[15.494492,56.584499],[15.494492,56.584555],[15.494573,56.584612],[15.494579,56.584664],[15.494582,56.58469],[15.494571,56.584769],[15.49452,56.584847],[15.494398,56.584858],[15.494286,56.584835],[15.494195,56.584857],[15.49419,56.58505],[15.494123,56.585291],[15.494089,56.585412],[15.493985,56.585556],[15.493984,56.585556],[15.493727,56.58575],[15.493724,56.585754],[15.493581,56.585878],[15.493555,56.585901],[15.493521,56.585965],[15.493493,56.586019],[15.493453,56.58606],[15.493233,56.586133],[15.493107,56.58612],[15.492835,56.586091],[15.49226,56.586037],[15.492029,56.58607],[15.491856,56.58605],[15.4918,56.586043],[15.491718,56.586011],[15.491713,56.586009],[15.491692,56.586008],[15.491561,56.586005],[15.491365,56.586007],[15.491215,56.585977],[15.491216,56.585968],[15.491244,56.585604],[15.490973,56.585525],[15.490951,56.585531],[15.490809,56.585567],[15.490701,56.585583],[15.490702,56.585535],[15.490706,56.585421],[15.490844,56.5853],[15.490837,56.5852],[15.490646,56.585128],[15.490311,56.58506],[15.490173,56.585091],[15.490036,56.585136],[15.489995,56.58515],[15.489915,56.585121],[15.489884,56.585101],[15.489827,56.585071],[15.489726,56.585018],[15.489594,56.585018],[15.489322,56.58505],[15.489215,56.585054],[15.489099,56.585058],[15.488978,56.585095],[15.488948,56.585138],[15.488938,56.58527],[15.488982,56.585287],[15.489006,56.585297],[15.489105,56.585197],[15.489151,56.5852],[15.489214,56.585262],[15.489273,56.585312],[15.489289,56.585336],[15.48918,56.585397],[15.489124,56.585518],[15.489055,56.585556],[15.488966,56.585595],[15.488912,56.585597],[15.488876,56.585587],[15.488872,56.585559],[15.48885,56.585548],[15.488825,56.585537],[15.488778,56.585551],[15.488704,56.585624],[15.48869,56.585672],[15.488707,56.585695],[15.488709,56.585698],[15.488702,56.5857],[15.48863,56.58572],[15.488595,56.585769],[15.488434,56.585829],[15.488362,56.585847],[15.488223,56.585882],[15.488033,56.585832],[15.488004,56.585804],[15.487917,56.585719],[15.487894,56.585622],[15.488166,56.585388],[15.488262,56.585309],[15.488339,56.585202],[15.488331,56.585141],[15.488225,56.585113],[15.488131,56.584992],[15.48818,56.584963],[15.488316,56.584904],[15.488407,56.584864],[15.488421,56.584866],[15.488421,56.584821],[15.488415,56.584375],[15.488415,56.584351],[15.488367,56.584358],[15.488353,56.584356],[15.488104,56.584324],[15.488006,56.584312],[15.487899,56.584323],[15.487783,56.584334],[15.487779,56.584333],[15.487636,56.584296],[15.487555,56.584179],[15.487606,56.584092],[15.487669,56.584057],[15.487781,56.583962],[15.487903,56.583868],[15.487969,56.583818],[15.488143,56.583775],[15.488246,56.583788],[15.48834,56.5838],[15.488408,56.583819],[15.488539,56.583854],[15.48877,56.583985],[15.489021,56.584068],[15.489332,56.584062],[15.489506,56.584017],[15.489508,56.584014],[15.489611,56.58387],[15.489631,56.583861],[15.489887,56.583749],[15.490063,56.583672],[15.490171,56.583646],[15.490693,56.583522]],[[15.503163,56.579164],[15.503214,56.579019],[15.503422,56.578901],[15.503644,56.578888],[15.503827,56.578882],[15.504129,56.578942],[15.50422,56.579006],[15.504427,56.57917],[15.504406,56.579235],[15.50435,56.579281],[15.504214,56.579378],[15.503954,56.579505],[15.503778,56.579549],[15.503762,56.579553],[15.503753,56.579552],[15.503662,56.579548],[15.503454,56.579476],[15.503259,56.579336],[15.503163,56.579164]],[[15.499988,56.581441],[15.49999,56.581441],[15.500086,56.581419],[15.500245,56.581491],[15.500458,56.581596],[15.500561,56.581696],[15.50069,56.581786],[15.50087,56.581986],[15.501272,56.582319],[15.501295,56.58232],[15.501547,56.582334],[15.501733,56.582287],[15.501745,56.582284],[15.501765,56.582269],[15.502124,56.582005],[15.502319,56.582019],[15.502452,56.582039],[15.502498,56.582046],[15.502522,56.582034],[15.502562,56.582013],[15.50258,56.582003],[15.502585,56.58199],[15.502613,56.581924],[15.502644,56.581826],[15.502682,56.581811],[15.502818,56.581755],[15.502984,56.581742],[15.503115,56.581829],[15.503075,56.581866],[15.503005,56.581911],[15.503001,56.5821],[15.502713,56.582341],[15.502415,56.582549],[15.502208,56.582871],[15.502213,56.583072],[15.502349,56.583182],[15.50253,56.583257],[15.502648,56.58344],[15.502613,56.58351],[15.502586,56.583566],[15.50258,56.583568],[15.502182,56.583723],[15.501828,56.58376],[15.50133,56.583765],[15.50106,56.583691],[15.500911,56.583542],[15.500707,56.583425],[15.500438,56.583409],[15.50018,56.58342],[15.50001,56.583408],[15.49995,56.583341],[15.49993,56.583319],[15.500055,56.583113],[15.500148,56.582987],[15.50021,56.582822],[15.500218,56.582786],[15.500234,56.582718],[15.500292,56.582468],[15.500197,56.582311],[15.500183,56.582113],[15.500169,56.582074],[15.500084,56.581832],[15.500083,56.58183],[15.500083,56.581829],[15.500086,56.581798],[15.500079,56.581748],[15.499993,56.581659],[15.499947,56.581564],[15.499983,56.581457],[15.499988,56.581441]]]]}},{"type":"Feature","properties":{"name":"Skäppebo 1:14","trakt":"SKÄPPEBO","etikett":"1:14"},"geometry":{"type":"MultiPolygon","coordinates":[[[[15.561744,56.565794],[15.561661,56.565606],[15.561255,56.565233],[15.560709,56.564732],[15.555883,56.564087],[15.554069,56.560191],[15.557934,56.557195],[15.557976,56.557162],[15.553123,56.557054],[15.546886,56.553049],[15.541522,56.555718],[15.5341,56.555828],[15.532463,56.557141],[15.532369,56.557217],[15.530925,56.558337],[15.529927,56.560728],[15.524762,56.561464],[15.523772,56.561604],[15.523766,56.561616],[15.5238,56.56161],[15.524243,56.561649],[15.524366,56.561724],[15.524371,56.561757],[15.524468,56.561809],[15.524707,56.561854],[15.524985,56.561887],[15.525091,56.561822],[15.525074,56.561686],[15.525049,56.561615],[15.525044,56.5616],[15.525182,56.56159],[15.525281,56.561616],[15.525305,56.561622],[15.525439,56.561667],[15.52555,56.561738],[15.525521,56.56181],[15.52555,56.561915],[15.525648,56.561964],[15.525854,56.561999],[15.526272,56.562124],[15.526494,56.562232],[15.526531,56.562435],[15.526521,56.562466],[15.526456,56.562548],[15.526467,56.562577],[15.526522,56.562662],[15.526627,56.562717],[15.526773,56.562761],[15.526819,56.562867],[15.526802,56.562988],[15.526694,56.562995],[15.526647,56.562935],[15.526466,56.562875],[15.526226,56.562743],[15.526044,56.562706],[15.52572,56.56276],[15.525536,56.562861],[15.525395,56.563005],[15.52531,56.563126],[15.525223,56.563174],[15.52511,56.56316],[15.524995,56.563108],[15.524766,56.562909],[15.524487,56.562721],[15.524385,56.562652],[15.52423,56.562419],[15.524188,56.562286],[15.524196,56.562139],[15.524124,56.561953],[15.524038,56.561865],[15.523972,56.561899],[15.523839,56.561986],[15.523743,56.561891],[15.523687,56.561769],[15.523526,56.562083],[15.524945,56.563527],[15.525182,56.564077],[15.522799,56.564634],[15.519402,56.565583],[15.517928,56.563803],[15.512729,56.562659],[15.510283,56.564514],[15.510897,56.567911],[15.515244,56.570773],[15.515244,56.570773],[15.515253,56.570704],[15.515363,56.570596],[15.515488,56.570517],[15.515596,56.570372],[15.515734,56.57026],[15.516056,56.57019],[15.516339,56.570105],[15.516628,56.569952],[15.517055,56.569771],[15.517532,56.569522],[15.517665,56.569416],[15.517794,56.569334],[15.51784,56.569271],[15.517684,56.569202],[15.517456,56.569161],[15.517321,56.569149],[15.517123,56.569194],[15.517108,56.569209],[15.516855,56.569344],[15.516677,56.569362],[15.51656,56.569309],[15.516492,56.569135],[15.516542,56.568897],[15.516691,56.568787],[15.516945,56.568729],[15.517109,56.568766],[15.51721,56.568765],[15.517251,56.56884],[15.517313,56.568874],[15.517396,56.568886],[15.517552,56.568829],[15.517646,56.568789],[15.517835,56.56868],[15.517547,56.56854],[15.517338,56.568537],[15.517176,56.568593],[15.517087,56.568633],[15.517053,56.56853],[15.517073,56.568314],[15.51721,56.568171],[15.517376,56.568057],[15.517586,56.567812],[15.517735,56.567747],[15.517818,56.567615],[15.517946,56.567462],[15.518115,56.567346],[15.51836,56.56727],[15.51836,56.56716],[15.518207,56.567046],[15.518016,56.566885],[15.51808,56.566712],[15.518383,56.566502],[15.518386,56.56637],[15.518068,56.56621],[15.517755,56.566179],[15.517275,56.566071],[15.517179,56.565985],[15.516964,56.565923],[15.516692,56.565902],[15.516396,56.565793],[15.516142,56.565544],[15.515948,56.565239],[15.515827,56.564909],[15.515748,56.564807],[15.515729,56.564672],[15.515652,56.564625],[15.515563,56.564629],[15.515482,56.564595],[15.5155,56.564563],[15.515582,56.564525],[15.515517,56.564432],[15.515374,56.564462],[15.515235,56.564519],[15.515183,56.564605],[15.515132,56.564713],[15.51507,56.564765],[15.515089,56.564817],[15.515187,56.564767],[15.515228,56.564781],[15.515166,56.564868],[15.515147,56.564919],[15.514992,56.564935],[15.514903,56.565006],[15.514835,56.565155],[15.514832,56.565163],[15.514838,56.565515],[15.514967,56.565624],[15.515163,56.565549],[15.515368,56.565565],[15.515352,56.565684],[15.515187,56.56583],[15.514987,56.565868],[15.514803,56.566232],[15.514699,56.566456],[15.514574,56.566857],[15.514255,56.567394],[15.514063,56.567605],[15.513867,56.567767],[15.513624,56.567791],[15.513401,56.567778],[15.513124,56.567591],[15.512717,56.567578],[15.512368,56.567517],[15.512173,56.567332],[15.511996,56.5671],[15.51172,56.566911],[15.511558,56.566632],[15.511487,56.56637],[15.511539,56.566014],[15.511446,56.565785],[15.511259,56.565727],[15.511013,56.565637],[15.511043,56.565556],[15.511124,56.565507],[15.511161,56.565413],[15.511076,56.565361],[15.511121,56.565148],[15.511134,56.564961],[15.511159,56.56483],[15.511258,56.564732],[15.511436,56.564661],[15.511739,56.564607],[15.512108,56.564453],[15.512248,56.564321],[15.512454,56.564172],[15.512665,56.564143],[15.512935,56.564133],[15.513073,56.564062],[15.513124,56.563969],[15.513084,56.563843],[15.513173,56.563751],[15.513537,56.563681],[15.513948,56.563717],[15.514148,56.563765],[15.514221,56.563779],[15.514359,56.563751],[15.514527,56.563739],[15.514633,56.563751],[15.514886,56.563734],[15.515096,56.563793],[15.515117,56.563898],[15.515348,56.563939],[15.515559,56.563951],[15.515707,56.563894],[15.515845,56.563824],[15.515929,56.56383],[15.516034,56.563842],[15.516225,56.563784],[15.516393,56.563837],[15.516434,56.563919],[15.516413,56.563994],[15.516465,56.564014],[15.516539,56.564041],[15.516655,56.564115],[15.516811,56.564207],[15.516887,56.564246],[15.516939,56.564265],[15.517052,56.564307],[15.517217,56.564294],[15.517374,56.564378],[15.517494,56.564454],[15.51763,56.564458],[15.517816,56.564446],[15.518227,56.56454],[15.518376,56.564606],[15.518459,56.564722],[15.518621,56.564779],[15.518726,56.564855],[15.518746,56.564983],[15.518608,56.565065],[15.51865,56.565135],[15.518787,56.565164],[15.518944,56.56524],[15.519123,56.565334],[15.519239,56.565392],[15.51928,56.565485],[15.519037,56.565531],[15.518931,56.565595],[15.518968,56.565645],[15.519064,56.565694],[15.519173,56.565782],[15.519428,56.565884],[15.519574,56.565956],[15.519868,56.565958],[15.520365,56.565738],[15.520614,56.565601],[15.520811,56.565493],[15.521304,56.565248],[15.521527,56.565196],[15.521558,56.565171],[15.521587,56.565159],[15.521818,56.565055],[15.521958,56.565006],[15.522182,56.564921],[15.52228,56.56486],[15.52242,56.564818],[15.522539,56.564791],[15.522637,56.564783],[15.522825,56.564792],[15.522964,56.564857],[15.52295,56.564973],[15.522872,56.565123],[15.52284,56.565204],[15.522872,56.565292],[15.522969,56.565413],[15.523131,56.565458],[15.523385,56.565453],[15.52346,56.565396],[15.523591,56.565303],[15.523705,56.565214],[15.523745,56.565164],[15.523749,56.565043],[15.523704,56.56497],[15.523705,56.564909],[15.523914,56.564809],[15.523982,56.564809],[15.52407,56.564798],[15.524138,56.564797],[15.524313,56.564894],[15.524478,56.564954],[15.524605,56.564965],[15.524764,56.564956],[15.524885,56.564953],[15.525025,56.564919],[15.525142,56.564853],[15.525287,56.564818],[15.525357,56.564802],[15.526124,56.56461],[15.52622,56.564435],[15.526176,56.564282],[15.525882,56.564115],[15.525669,56.563828],[15.525548,56.563428],[15.525547,56.563111],[15.525685,56.562913],[15.525813,56.562825],[15.526008,56.562821],[15.526189,56.562878],[15.526261,56.563033],[15.526497,56.563283],[15.526809,56.563575],[15.527115,56.563768],[15.527322,56.563849],[15.527475,56.564111],[15.527509,56.564185],[15.527655,56.564326],[15.527721,56.56444],[15.52793,56.56451],[15.52811,56.564672],[15.528064,56.564781],[15.528123,56.564894],[15.528302,56.564918],[15.528549,56.564875],[15.528719,56.564768],[15.528815,56.564636],[15.528774,56.564502],[15.528876,56.564412],[15.529159,56.564394],[15.529429,56.564396],[15.529758,56.564476],[15.530008,56.564636],[15.530021,56.564639],[15.530035,56.564648],[15.530062,56.564664],[15.530093,56.564688],[15.530113,56.564693],[15.530143,56.564678],[15.530219,56.564701],[15.530179,56.564744],[15.530196,56.564755],[15.530226,56.564762],[15.530272,56.564767],[15.530299,56.564757],[15.530318,56.564756],[15.530345,56.56476],[15.530371,56.564768],[15.530398,56.564779],[15.530399,56.564786],[15.530423,56.564814],[15.530451,56.564847],[15.530483,56.56488],[15.530496,56.564886],[15.53051,56.564898],[15.530802,56.564929],[15.530941,56.564888],[15.531016,56.564866],[15.531256,56.564719],[15.531387,56.564593],[15.53153,56.564485],[15.531495,56.56439],[15.531026,56.564338],[15.530729,56.564215],[15.530643,56.564048],[15.530743,56.563957],[15.530923,56.563884],[15.531339,56.563825],[15.531788,56.563787],[15.532331,56.56378],[15.532906,56.563858],[15.53318,56.563991],[15.533318,56.564156],[15.53365,56.564299],[15.534332,56.56445],[15.534575,56.564508],[15.534644,56.564588],[15.534614,56.564684],[15.534437,56.564768],[15.534194,56.56478],[15.533939,56.564826],[15.533859,56.564975],[15.534205,56.565104],[15.534338,56.565142],[15.534544,56.565173],[15.534677,56.565426],[15.534563,56.565725],[15.534403,56.565844],[15.534226,56.565896],[15.534127,56.565904],[15.534128,56.565806],[15.53409,56.565658],[15.533882,56.565502],[15.533518,56.565508],[15.533343,56.565419],[15.533147,56.565402],[15.532846,56.565486],[15.532724,56.565638],[15.532745,56.565766],[15.532909,56.565897],[15.532944,56.566029],[15.533082,56.566125],[15.533155,56.566183],[15.533252,56.566201],[15.533354,56.566208],[15.533348,56.566267],[15.533273,56.566371],[15.533378,56.566523],[15.533506,56.566537],[15.533683,56.566486],[15.533903,56.566467],[15.534084,56.566508],[15.534162,56.566618],[15.534077,56.566717],[15.533869,56.566802],[15.533423,56.56693],[15.53319,56.566977],[15.533004,56.567075],[15.532909,56.567114],[15.532799,56.56716],[15.532615,56.567178],[15.532493,56.567191],[15.532272,56.567256],[15.532204,56.567384],[15.532163,56.567742],[15.532229,56.567843],[15.532165,56.567938],[15.531773,56.568018],[15.531363,56.568236],[15.531236,56.568397],[15.531264,56.568552],[15.53131,56.568672],[15.531192,56.568812],[15.530994,56.568938],[15.530855,56.568908],[15.530662,56.569001],[15.530325,56.569337],[15.529999,56.569557],[15.529842,56.569728],[15.53001,56.570057],[15.530365,56.570358],[15.530794,56.570554],[15.530987,56.570739],[15.530955,56.570933],[15.530733,56.571138],[15.530492,56.571284],[15.530391,56.571472],[15.530339,56.571679],[15.530343,56.571872],[15.530141,56.572441],[15.530035,56.572524],[15.52991,56.572616],[15.529826,56.572667],[15.529795,56.572716],[15.529739,56.572753],[15.529694,56.572839],[15.529646,56.572941],[15.529541,56.572955],[15.529519,56.573021],[15.529507,56.573072],[15.529418,56.573168],[15.529278,56.573316],[15.529281,56.573364],[15.529274,56.573487],[15.529303,56.573655],[15.529363,56.573841],[15.529411,56.573917],[15.529411,56.573959],[15.529392,56.57399],[15.529436,56.574123],[15.529452,56.574182],[15.529488,56.57421],[15.529532,56.574261],[15.529517,56.574322],[15.529446,56.574357],[15.529434,56.574407],[15.52945,56.574467],[15.529427,56.574598],[15.529247,56.574683],[15.529241,56.574725],[15.529237,56.574758],[15.52938,56.5748],[15.529762,56.57475],[15.530257,56.574636],[15.530662,56.574419],[15.530914,56.574178],[15.530932,56.573867],[15.531115,56.57353],[15.531302,56.573315],[15.53137,56.573166],[15.531372,56.573159],[15.531429,56.57297],[15.531758,56.572725],[15.531826,56.572547],[15.531868,56.572318],[15.532016,56.572201],[15.531978,56.572074],[15.532137,56.571958],[15.532295,56.571854],[15.53228,56.571702],[15.531986,56.571641],[15.531771,56.571568],[15.531723,56.57145],[15.53193,56.571111],[15.53214,56.570976],[15.532447,56.570841],[15.532579,56.570692],[15.532801,56.570608],[15.533275,56.570395],[15.533431,56.570289],[15.533398,56.570217],[15.533263,56.570169],[15.533059,56.570138],[15.533086,56.570033],[15.533148,56.569616],[15.533207,56.569455],[15.533316,56.569387],[15.533518,56.569338],[15.533763,56.56935],[15.534001,56.569437],[15.534093,56.569584],[15.534163,56.569672],[15.534356,56.569661],[15.534713,56.569574],[15.534906,56.569455],[15.535148,56.569278],[15.535439,56.569204],[15.535757,56.569146],[15.535983,56.569159],[15.536271,56.569322],[15.536463,56.569518],[15.536778,56.569662],[15.537194,56.569799],[15.537418,56.569924],[15.53764,56.569984],[15.537865,56.570081],[15.537987,56.570218],[15.538182,56.570257],[15.538361,56.570237],[15.538611,56.570307],[15.538859,56.570276],[15.539063,56.570246],[15.539341,56.570152],[15.539535,56.570068],[15.5398,56.569992],[15.540098,56.570005],[15.540594,56.570074],[15.540863,56.570085],[15.541013,56.570008],[15.541191,56.569886],[15.541297,56.569854],[15.54148,56.569863],[15.541651,56.570202],[15.541712,56.570452],[15.541824,56.570641],[15.541997,56.570804],[15.542216,56.570882],[15.542526,56.570886],[15.54288,56.57077],[15.543172,56.570567],[15.543458,56.570257],[15.543492,56.570205],[15.543603,56.570031],[15.543673,56.569879],[15.543844,56.569627],[15.544044,56.569507],[15.544601,56.569333],[15.545016,56.569223],[15.545502,56.569169],[15.546098,56.569223],[15.54667,56.569224],[15.547216,56.569235],[15.547814,56.56937],[15.548284,56.569514],[15.548677,56.569592],[15.549035,56.569637],[15.549442,56.569653],[15.549462,56.569654],[15.549887,56.569678],[15.550391,56.569723],[15.55112,56.569808],[15.55179,56.569922],[15.552023,56.569914],[15.552186,56.569909],[15.552459,56.569852],[15.55251,56.569789],[15.552478,56.569699],[15.552556,56.569594],[15.552671,56.569366],[15.552678,56.569123],[15.552495,56.568956],[15.552151,56.568804],[15.551738,56.568754],[15.551202,56.568715],[15.550848,56.568716],[15.550346,56.568608],[15.549905,56.568449],[15.549612,56.568228],[15.549493,56.567993],[15.549612,56.567632],[15.549565,56.567481],[15.549363,56.567241],[15.549446,56.567033],[15.549732,56.56682],[15.550165,56.566587],[15.55053,56.566408],[15.550565,56.566381],[15.550482,56.566149],[15.550361,56.566037],[15.549806,56.565928],[15.549442,56.565909],[15.549089,56.565868],[15.548834,56.565739],[15.548604,56.5655],[15.548605,56.565227],[15.548432,56.564955],[15.548375,56.564613],[15.548496,56.564312],[15.54865,56.56409],[15.548872,56.563957],[15.549163,56.563844],[15.549176,56.563779],[15.549013,56.563698],[15.548711,56.563649],[15.548364,56.563725],[15.548068,56.563868],[15.547935,56.564046],[15.547725,56.564165],[15.547251,56.564253],[15.547145,56.564158],[15.546934,56.564058],[15.546064,56.563524],[15.545804,56.563397],[15.545488,56.563167],[15.545415,56.562989],[15.545477,56.562894],[15.545598,56.56279],[15.545834,56.562738],[15.546064,56.56277],[15.546537,56.562924],[15.546759,56.562835],[15.547009,56.562702],[15.547093,56.562568],[15.547094,56.562413],[15.546912,56.562185],[15.547007,56.562025],[15.547054,56.561814],[15.546939,56.561704],[15.546933,56.561663],[15.546922,56.561587],[15.546967,56.5614],[15.546829,56.561023],[15.546662,56.561017],[15.546312,56.561114],[15.54613,56.561176],[15.545861,56.561225],[15.545591,56.561231],[15.545408,56.561168],[15.545156,56.56094],[15.544892,56.560764],[15.544659,56.560665],[15.544555,56.56057],[15.544639,56.560319],[15.544622,56.560231],[15.544537,56.560176],[15.544622,56.560097],[15.544851,56.560029],[15.545099,56.559718],[15.545259,56.559565],[15.545295,56.559379],[15.545441,56.559316],[15.545632,56.559292],[15.545896,56.559245],[15.546226,56.55924],[15.546781,56.559567],[15.546959,56.559708],[15.547087,56.560086],[15.547153,56.560436],[15.547247,56.56059],[15.547394,56.560645],[15.547717,56.560645],[15.548227,56.56044],[15.54855,56.560225],[15.548738,56.560192],[15.548877,56.560268],[15.548838,56.560382],[15.548577,56.560887],[15.548531,56.561097],[15.548791,56.561308],[15.549059,56.561409],[15.549284,56.561447],[15.549425,56.561448],[15.549644,56.561358],[15.549706,56.561285],[15.549818,56.56129],[15.550019,56.561291],[15.550164,56.561212],[15.550226,56.56114],[15.550356,56.561165],[15.550614,56.561178],[15.550886,56.561317],[15.55113,56.561404],[15.551186,56.561556],[15.551189,56.561671],[15.55119,56.561703],[15.551349,56.561862],[15.551533,56.56193],[15.551811,56.561936],[15.551925,56.562106],[15.551966,56.562854],[15.551881,56.563075],[15.551638,56.563268],[15.551265,56.563394],[15.551014,56.5634],[15.55082,56.563423],[15.550728,56.563564],[15.550835,56.563922],[15.551083,56.564072],[15.551292,56.564116],[15.551489,56.56437],[15.551585,56.564457],[15.551907,56.564519],[15.552229,56.564597],[15.552214,56.564757],[15.552128,56.564926],[15.552216,56.565204],[15.552599,56.565466],[15.552904,56.56557],[15.552922,56.56568],[15.553119,56.565707],[15.553258,56.565726],[15.553563,56.565689],[15.553958,56.565627],[15.554117,56.565623],[15.554284,56.565677],[15.554479,56.565682],[15.554769,56.565631],[15.555615,56.56558],[15.556249,56.565951],[15.556518,56.566039],[15.556758,56.566158],[15.556974,56.566698],[15.557183,56.566932],[15.557448,56.567087],[15.558023,56.567054],[15.558519,56.567152],[15.558876,56.567183],[15.559042,56.567233],[15.559241,56.567182],[15.55926,56.567075],[15.559262,56.566941],[15.559836,56.566487],[15.560011,56.566265],[15.560168,56.566126],[15.560287,56.565986],[15.560504,56.565831],[15.56088,56.565781],[15.561173,56.565796],[15.561251,56.565806],[15.561541,56.56584],[15.561681,56.565875],[15.561783,56.565975],[15.561799,56.566018],[15.561838,56.566077],[15.561856,56.566075],[15.561839,56.566028],[15.561816,56.565904],[15.561744,56.565794]],[[15.538625,56.568215],[15.538736,56.568247],[15.538864,56.568303],[15.538862,56.56835],[15.538723,56.568414],[15.538428,56.568442],[15.537995,56.568465],[15.537854,56.568445],[15.537805,56.568383],[15.537809,56.568281],[15.537922,56.568205],[15.538073,56.568143],[15.538192,56.568129],[15.538317,56.568159],[15.538518,56.568169],[15.538625,56.568215]],[[15.537504,56.568704],[15.537278,56.56886],[15.537049,56.568855],[15.536909,56.568837],[15.536819,56.568759],[15.536831,56.568695],[15.53691,56.568634],[15.536923,56.568575],[15.536883,56.568505],[15.536983,56.568409],[15.53695,56.568348],[15.536934,56.568294],[15.537002,56.568269],[15.537185,56.568285],[15.537372,56.568348],[15.537446,56.568422],[15.537532,56.568582],[15.537504,56.568704]],[[15.536589,56.568812],[15.536536,56.568847],[15.536503,56.568904],[15.536359,56.568935],[15.536193,56.568917],[15.53614,56.568873],[15.536137,56.568821],[15.53623,56.568769],[15.536317,56.568756],[15.536448,56.568763],[15.53654,56.568768],[15.536605,56.568777],[15.536589,56.568812]],[[15.540379,56.565084],[15.540424,56.565042],[15.540636,56.564908],[15.540691,56.5649],[15.540716,56.564921],[15.540712,56.564943],[15.540739,56.564949],[15.540817,56.564924],[15.540848,56.564955],[15.540874,56.565021],[15.540939,56.565049],[15.540962,56.565114],[15.540924,56.565183],[15.540771,56.565251],[15.540664,56.565257],[15.540548,56.565197],[15.540479,56.56516],[15.540396,56.565131],[15.540379,56.565084]],[[15.540396,56.563043],[15.5404,56.563001],[15.54046,56.562984],[15.540519,56.562991],[15.540626,56.563101],[15.540687,56.563134],[15.540736,56.563208],[15.540808,56.563255],[15.540831,56.563339],[15.540837,56.5634],[15.540894,56.563457],[15.540892,56.563499],[15.540834,56.563536],[15.540791,56.563524],[15.540776,56.563475],[15.540752,56.563437],[15.540685,56.563424],[15.540576,56.563434],[15.54043,56.563559],[15.54035,56.563557],[15.540295,56.563507],[15.540307,56.563459],[15.540383,56.563413],[15.540377,56.563355],[15.54039,56.563306],[15.540443,56.563218],[15.540461,56.563123],[15.540446,56.563067],[15.540396,56.563043]],[[15.540983,56.562205],[15.541301,56.562176],[15.541672,56.562213],[15.541864,56.562315],[15.542077,56.562365],[15.542208,56.562336],[15.542384,56.562332],[15.542347,56.562381],[15.542137,56.562444],[15.541995,56.562604],[15.541739,56.562799],[15.541494,56.562895],[15.541435,56.562906],[15.541361,56.562987],[15.541183,56.563069],[15.541037,56.563069],[15.540888,56.563016],[15.54077,56.562988],[15.540647,56.562974],[15.540565,56.562911],[15.540561,56.562841],[15.540567,56.562632],[15.540621,56.562468],[15.54064,56.562391],[15.540706,56.562321],[15.540983,56.562205]],[[15.536948,56.562701],[15.536885,56.562712],[15.536808,56.562769],[15.536718,56.562817],[15.53661,56.562812],[15.536578,56.562749],[15.536604,56.562668],[15.536663,56.562644],[15.536783,56.56263],[15.53685,56.562641],[15.536992,56.56263],[15.536948,56.562701]],[[15.533076,56.562497],[15.533053,56.562393],[15.533157,56.5624],[15.533514,56.562454],[15.533642,56.562454],[15.53393,56.562407],[15.534257,56.562435],[15.534664,56.56251],[15.535112,56.562669],[15.535453,56.562823],[15.535671,56.562929],[15.535765,56.562953],[15.535706,56.563001],[15.535559,56.563094],[15.535393,56.563151],[15.535152,56.563132],[15.534531,56.562975],[15.533857,56.562799],[15.533508,56.562685],[15.533442,56.562604],[15.533203,56.562544],[15.533076,56.562497]],[[15.531732,56.561611],[15.531881,56.561613],[15.53197,56.56163],[15.532065,56.561649],[15.53215,56.561744],[15.532104,56.561835],[15.531915,56.561878],[15.531703,56.561853],[15.531582,56.561796],[15.531568,56.561731],[15.531658,56.561653],[15.531699,56.56163],[15.531732,56.561611]],[[15.543079,56.562224],[15.543263,56.562288],[15.54352,56.562405],[15.543519,56.562473],[15.543466,56.562524],[15.543441,56.56266],[15.543396,56.562725],[15.543429,56.562805],[15.543437,56.562851],[15.543326,56.562858],[15.543246,56.562786],[15.542792,56.562652],[15.542689,56.562565],[15.542673,56.562442],[15.542624,56.562374],[15.542569,56.562343],[15.54259,56.562308],[15.542661,56.562304],[15.542723,56.562296],[15.542758,56.56226],[15.542834,56.562229],[15.542923,56.56221],[15.543079,56.562224]],[[15.525216,56.563654],[15.525337,56.563613],[15.525425,56.563681],[15.52537,56.563736],[15.525223,56.563802],[15.52519,56.563764],[15.525221,56.563734],[15.525216,56.563654]],[[15.515376,56.56358],[15.515381,56.563622],[15.515449,56.563669],[15.515418,56.563687],[15.515258,56.563646],[15.515149,56.563642],[15.515038,56.563599],[15.515,56.563516],[15.515049,56.563483],[15.515128,56.563486],[15.515239,56.563542],[15.515376,56.56358]],[[15.514293,56.56868],[15.514293,56.56874],[15.514251,56.568782],[15.514247,56.568821],[15.5142,56.568878],[15.514104,56.568864],[15.514075,56.568821],[15.514079,56.568669],[15.514147,56.56863],[15.514211,56.568628],[15.514293,56.56868]],[[15.537568,56.560819],[15.538134,56.560771],[15.538315,56.560815],[15.538348,56.560894],[15.538441,56.560955],[15.538579,56.560978],[15.538692,56.561018],[15.538768,56.561098],[15.538735,56.561199],[15.538615,56.561261],[15.538404,56.561263],[15.538175,56.561237],[15.538131,56.561181],[15.538193,56.561126],[15.538261,56.561052],[15.538207,56.560985],[15.538083,56.560962],[15.537862,56.56098],[15.537782,56.561025],[15.537566,56.561036],[15.53744,56.561008],[15.537402,56.560955],[15.537398,56.560911],[15.53743,56.560865],[15.537568,56.560819]],[[15.53795,56.559117],[15.537833,56.559045],[15.537684,56.558982],[15.537499,56.558993],[15.537278,56.558879],[15.537314,56.558733],[15.53757,56.558628],[15.538056,56.558491],[15.538222,56.558348],[15.538125,56.558187],[15.537864,56.558091],[15.53763,56.55816],[15.537376,56.558113],[15.537192,56.558217],[15.537093,56.558299],[15.536781,56.558264],[15.53662,56.558264],[15.53649,56.558319],[15.536429,56.558442],[15.536316,56.558444],[15.536227,56.558385],[15.536205,56.558265],[15.536303,56.558218],[15.53635,56.558174],[15.536019,56.558087],[15.535769,56.55801],[15.53535,56.55804],[15.535248,56.558021],[15.535249,56.557949],[15.535406,56.557805],[15.535654,56.557738],[15.535974,56.557755],[15.536317,56.557842],[15.536523,56.557972],[15.536694,56.558057],[15.536992,56.558046],[15.537048,56.55796],[15.537091,56.557783],[15.537336,56.557714],[15.53749,56.557699],[15.537588,56.557536],[15.537677,56.557526],[15.538042,56.557653],[15.538329,56.55771],[15.538535,56.557715],[15.538704,56.557675],[15.53886,56.557734],[15.539101,56.557711],[15.539311,56.557731],[15.539415,56.557838],[15.539296,56.55802],[15.539159,56.558177],[15.538867,56.558288],[15.538659,56.558312],[15.538597,56.558421],[15.538652,56.558499],[15.53858,56.55861],[15.538388,56.558693],[15.538257,56.558828],[15.538257,56.559011],[15.538342,56.559109],[15.538494,56.559181],[15.538533,56.559261],[15.538518,56.559372],[15.538487,56.559484],[15.538497,56.559625],[15.538359,56.559755],[15.538279,56.559821],[15.538262,56.559893],[15.53835,56.560205],[15.538439,56.560289],[15.538561,56.560375],[15.538544,56.560462],[15.538453,56.56052],[15.53833,56.560504],[15.538263,56.560424],[15.538215,56.560295],[15.538077,56.560217],[15.53785,56.560185],[15.537616,56.560087],[15.537523,56.560002],[15.537569,56.55993],[15.537979,56.559837],[15.538174,56.559747],[15.538179,56.559617],[15.538091,56.55948],[15.537928,56.559301],[15.537969,56.559198],[15.53795,56.559117]],[[15.541877,56.557209],[15.541657,56.55721],[15.541603,56.557161],[15.541476,56.557045],[15.541419,56.556985],[15.541164,56.557003],[15.540817,56.557143],[15.540794,56.557159],[15.540607,56.557298],[15.540427,56.557274],[15.540248,56.557158],[15.540185,56.557117],[15.540263,56.557021],[15.540461,56.556913],[15.540627,56.556915],[15.540751,56.556923],[15.540904,56.556803],[15.541118,56.556761],[15.54121,56.556712],[15.541289,56.556591],[15.541652,56.556434],[15.541953,56.556428],[15.542083,56.556373],[15.542242,56.556267],[15.54222,56.556096],[15.542183,56.556004],[15.542262,56.555964],[15.542508,56.555956],[15.542738,56.556015],[15.542957,56.556136],[15.543128,56.556221],[15.543297,56.556224],[15.543485,56.556199],[15.54365,56.556075],[15.543904,56.555907],[15.544141,56.555896],[15.544457,56.555945],[15.544613,56.556022],[15.544626,56.5561],[15.544756,56.556124],[15.544852,56.556174],[15.544938,56.55627],[15.54509,56.556273],[15.545336,56.556179],[15.545565,56.556216],[15.545585,56.556368],[15.54549,56.556501],[15.545354,56.556579],[15.545244,56.556817],[15.54517,56.557014],[15.545278,56.557087],[15.545512,56.557052],[15.545783,56.557048],[15.545927,56.557142],[15.545932,56.55717],[15.545952,56.557288],[15.545838,56.557431],[15.545893,56.557506],[15.546021,56.557712],[15.545757,56.557999],[15.545519,56.558102],[15.545369,56.558123],[15.545262,56.558197],[15.545092,56.558176],[15.544972,56.558242],[15.5452,56.558351],[15.545314,56.558451],[15.545123,56.558528],[15.544953,56.55853],[15.544746,56.558586],[15.544663,56.5587],[15.544621,56.558814],[15.544617,56.558921],[15.544726,56.559094],[15.544805,56.559335],[15.54466,56.559386],[15.544502,56.559367],[15.544296,56.559361],[15.544036,56.559569],[15.543879,56.559894],[15.543578,56.56019],[15.543164,56.560399],[15.542734,56.560462],[15.542314,56.560408],[15.542052,56.560236],[15.542005,56.560081],[15.542015,56.559917],[15.54216,56.559716],[15.542348,56.559504],[15.542325,56.559395],[15.542255,56.559262],[15.54232,56.559153],[15.542485,56.558998],[15.542611,56.558768],[15.542565,56.558629],[15.542361,56.558524],[15.54217,56.55853],[15.541872,56.558619],[15.541617,56.558484],[15.541522,56.558265],[15.541626,56.558139],[15.541997,56.558007],[15.542473,56.55787],[15.542749,56.557859],[15.54291,56.557796],[15.543055,56.557563],[15.543065,56.557381],[15.54291,56.557346],[15.542726,56.557271],[15.542583,56.557202],[15.54238,56.557173],[15.542322,56.557163],[15.542117,56.557127],[15.542015,56.557162],[15.541877,56.557209]],[[15.553166,56.55868],[15.553207,56.558696],[15.553267,56.558822],[15.553227,56.558957],[15.553164,56.558977],[15.553005,56.559026],[15.55299,56.55892],[15.553002,56.5588],[15.552956,56.558714],[15.552947,56.558663],[15.553052,56.558635],[15.553166,56.55868]],[[15.547094,56.55783],[15.54702,56.557888],[15.546789,56.557948],[15.546572,56.557918],[15.546537,56.557873],[15.546772,56.557777],[15.546948,56.557691],[15.546982,56.557645],[15.546983,56.55761],[15.547095,56.557586],[15.547235,56.557537],[15.547382,56.557519],[15.547517,56.55753],[15.547615,56.557594],[15.547576,56.55767],[15.54742,56.557715],[15.547281,56.557743],[15.54721,56.557761],[15.547139,56.557774],[15.547094,56.55783]],[[15.550027,56.556296],[15.550048,56.556354],[15.549929,56.556427],[15.549843,56.55644],[15.54978,56.556405],[15.54978,56.556329],[15.549805,56.556282],[15.549882,56.556239],[15.549965,56.556244],[15.550027,56.556296]],[[15.539362,56.556102],[15.53951,56.556255],[15.539472,56.556363],[15.539349,56.556385],[15.539204,56.556344],[15.538913,56.556272],[15.538773,56.556243],[15.538729,56.556183],[15.538766,56.556144],[15.538845,56.556117],[15.538899,56.556102],[15.539142,56.55609],[15.539362,56.556102]],[[15.532083,56.558674],[15.532167,56.558583],[15.532213,56.558519],[15.532387,56.558497],[15.532563,56.558448],[15.532676,56.558408],[15.532836,56.558377],[15.532949,56.558312],[15.533038,56.558319],[15.533159,56.558429],[15.533305,56.55846],[15.533429,56.558406],[15.533639,56.558338],[15.533757,56.558329],[15.533834,56.558389],[15.533754,56.558463],[15.533837,56.55852],[15.533991,56.558563],[15.534045,56.558711],[15.53398,56.558822],[15.533855,56.558835],[15.533572,56.558893],[15.533416,56.558947],[15.533293,56.559054],[15.533114,56.559114],[15.532442,56.559117],[15.53224,56.558939],[15.532282,56.55877],[15.532173,56.55868],[15.532083,56.558674]],[[15.544445,56.554936],[15.54432,56.555003],[15.544184,56.554983],[15.544186,56.554894],[15.544263,56.554804],[15.544342,56.554784],[15.544458,56.554808],[15.544518,56.554878],[15.544445,56.554936]],[[15.545075,56.554649],[15.545235,56.554633],[15.545409,56.554679],[15.545435,56.554761],[15.545383,56.554842],[15.545292,56.554856],[15.545094,56.554772],[15.545018,56.554711],[15.545075,56.554649]],[[15.549928,56.560244],[15.549936,56.560183],[15.550042,56.56014],[15.550114,56.560098],[15.550169,56.560042],[15.550389,56.560089],[15.550354,56.560156],[15.550358,56.560268],[15.550231,56.560408],[15.550093,56.560474],[15.550011,56.56045],[15.549956,56.560413],[15.54988,56.560338],[15.549881,56.560291],[15.549928,56.560244]],[[15.554415,56.565136],[15.554261,56.565166],[15.554149,56.565123],[15.554129,56.565073],[15.554159,56.56501],[15.554264,56.564984],[15.554332,56.565023],[15.554453,56.565072],[15.554415,56.565136]],[[15.547528,56.567117],[15.547586,56.567168],[15.548277,56.567479],[15.548412,56.567596],[15.548548,56.567847],[15.548546,56.567922],[15.548132,56.56812],[15.547988,56.568149],[15.547583,56.56798],[15.547562,56.567921],[15.547502,56.567879],[15.547407,56.567713],[15.547332,56.567535],[15.547278,56.56744],[15.547334,56.567151],[15.547425,56.567088],[15.547528,56.567117]],[[15.542468,56.567711],[15.542615,56.567644],[15.542801,56.567659],[15.543,56.567733],[15.543204,56.567842],[15.543245,56.567949],[15.543143,56.568032],[15.542939,56.568059],[15.542764,56.568029],[15.542585,56.567974],[15.542388,56.567828],[15.542361,56.567765],[15.542468,56.567711]]]]}},{"type":"Feature","properties":{"name":"Hovgård 1:1>2","trakt":"HOVGÅRD","etikett":"1:1>2"},"geometry":{"type":"MultiPolygon","coordinates":[[[[15.557976,56.557162],[15.557934,56.557195],[15.554069,56.560191],[15.555883,56.564087],[15.560709,56.564732],[15.561255,56.565233],[15.561661,56.565606],[15.561744,56.565794],[15.561816,56.565904],[15.561839,56.566028],[15.561856,56.566075],[15.562022,56.566048],[15.562024,56.566003],[15.562045,56.565823],[15.562102,56.565583],[15.562164,56.565469],[15.562187,56.565427],[15.562153,56.565348],[15.562164,56.565205],[15.562334,56.565105],[15.562378,56.564973],[15.562381,56.564963],[15.562191,56.564758],[15.561892,56.564382],[15.561605,56.564006],[15.561264,56.563732],[15.561206,56.563685],[15.560951,56.563451],[15.560988,56.563144],[15.561066,56.562878],[15.560983,56.562699],[15.560799,56.562575],[15.560417,56.562521],[15.560043,56.562632],[15.559797,56.562775],[15.559491,56.562911],[15.55924,56.562909],[15.558922,56.562841],[15.55847,56.562661],[15.558294,56.562547],[15.558121,56.562403],[15.557928,56.562215],[15.557868,56.56206],[15.558004,56.561815],[15.558097,56.561685],[15.558135,56.561632],[15.558184,56.561427],[15.55819,56.561299],[15.558013,56.561083],[15.558001,56.560837],[15.557766,56.560719],[15.557499,56.560666],[15.55723,56.56063],[15.55704,56.560537],[15.557028,56.560411],[15.557075,56.560319],[15.557224,56.560219],[15.557097,56.560119],[15.557012,56.560062],[15.556994,56.559932],[15.55712,56.559787],[15.557304,56.559749],[15.55759,56.559619],[15.557953,56.55941],[15.558079,56.559389],[15.558187,56.559349],[15.558349,56.559343],[15.55883,56.559455],[15.559113,56.559472],[15.559493,56.559403],[15.559678,56.559298],[15.559895,56.559131],[15.560114,56.558916],[15.560327,56.558784],[15.560448,56.558678],[15.560586,56.558493],[15.560824,56.558327],[15.561029,56.558215],[15.561301,56.5581],[15.56138,56.558067],[15.561708,56.557893],[15.561893,56.557807],[15.562143,56.557766],[15.562393,56.557757],[15.562688,56.557774],[15.562988,56.557849],[15.563422,56.557969],[15.563891,56.557976],[15.564174,56.557964],[15.564383,56.557893],[15.564772,56.557719],[15.565037,56.557574],[15.565198,56.557424],[15.565226,56.557252],[15.565224,56.557209],[15.56522,56.557117],[15.565335,56.556953],[15.565629,56.55677],[15.565875,56.556545],[15.565983,56.556322],[15.565988,56.556189],[15.565834,56.555977],[15.565607,56.555803],[15.565378,56.555733],[15.564914,56.555673],[15.564616,56.555652],[15.564354,56.555675],[15.5641,56.555634],[15.56399,56.555552],[15.563935,56.555465],[15.563843,56.555336],[15.56399,56.555249],[15.564216,56.55516],[15.564303,56.55499],[15.564304,56.554757],[15.564205,56.55452],[15.564114,56.55436],[15.564044,56.554184],[15.564044,56.554053],[15.564155,56.55391],[15.564205,56.553859],[15.564178,56.553795],[15.563989,56.553732],[15.563575,56.553677],[15.563415,56.553669],[15.563128,56.553645],[15.562919,56.553568],[15.562259,56.553083],[15.56214,56.553031],[15.561858,56.552938],[15.561478,56.552888],[15.561335,56.552879],[15.561131,56.552867],[15.561131,56.552867],[15.557976,56.557162]]]]}},{"type":"Feature","properties":{"name":"Kabblanäs 1:1","trakt":"KABBLANÄS","etikett":"1:1"},"geometry":{"type":"MultiPolygon","coordinates":[[[[15.545317,56.547645],[15.54646,56.54855],[15.546886,56.553049],[15.553123,56.557054],[15.557976,56.557162],[15.561131,56.552867],[15.561131,56.552867],[15.560983,56.552858],[15.560494,56.552821],[15.560028,56.552791],[15.559747,56.552708],[15.559707,56.552696],[15.559511,56.552622],[15.559316,56.552594],[15.559122,56.552614],[15.55891,56.552702],[15.558909,56.552706],[15.558898,56.552857],[15.559099,56.553045],[15.55928,56.553181],[15.559294,56.553282],[15.559201,56.553404],[15.559037,56.553488],[15.558851,56.553508],[15.558697,56.553504],[15.558584,56.553463],[15.558508,56.553269],[15.558389,56.553218],[15.558213,56.553198],[15.558074,56.553217],[15.557805,56.55333],[15.557651,56.55341],[15.557494,56.553464],[15.55741,56.553549],[15.557427,56.553657],[15.557477,56.553775],[15.557447,56.553888],[15.557328,56.553951],[15.557154,56.553955],[15.557065,56.553927],[15.557035,56.553706],[15.556859,56.55354],[15.556638,56.553506],[15.556307,56.553499],[15.55583,56.553478],[15.555506,56.553591],[15.555355,56.55372],[15.555142,56.553827],[15.554883,56.55388],[15.554573,56.55404],[15.554247,56.554276],[15.553999,56.554467],[15.553876,56.554629],[15.553778,56.554779],[15.553741,56.554943],[15.553632,56.555022],[15.55339,56.555107],[15.553189,56.555135],[15.553144,56.555141],[15.552993,56.555222],[15.552993,56.5553],[15.552883,56.55534],[15.552682,56.555301],[15.55243,56.555296],[15.552215,56.555171],[15.551734,56.555006],[15.551375,56.554918],[15.551189,56.554867],[15.551166,56.55478],[15.551315,56.554598],[15.551372,56.554469],[15.551283,56.554384],[15.55109,56.554295],[15.551045,56.554183],[15.550937,56.554062],[15.550629,56.553946],[15.550427,56.553787],[15.550418,56.553653],[15.550466,56.553538],[15.550588,56.553471],[15.550805,56.553485],[15.550996,56.553465],[15.551146,56.553394],[15.551338,56.553384],[15.551467,56.553283],[15.551577,56.553059],[15.551622,56.552954],[15.55188,56.552893],[15.551957,56.552855],[15.552002,56.552697],[15.552012,56.552693],[15.55217,56.552621],[15.552361,56.552428],[15.552614,56.552153],[15.55261,56.552072],[15.552764,56.55198],[15.552966,56.551816],[15.552971,56.551763],[15.552873,56.551662],[15.552477,56.551491],[15.552317,56.551473],[15.552092,56.551559],[15.551931,56.551663],[15.551849,56.551678],[15.55177,56.551645],[15.551787,56.551539],[15.552016,56.551355],[15.55215,56.551118],[15.552365,56.550926],[15.552659,56.550742],[15.552996,56.550576],[15.55322,56.550506],[15.553263,56.550493],[15.553389,56.550384],[15.553371,56.550177],[15.553333,56.549999],[15.553245,56.549895],[15.553224,56.549878],[15.553143,56.549814],[15.553153,56.549755],[15.553226,56.549715],[15.55329,56.549681],[15.553541,56.549593],[15.553833,56.549519],[15.553977,56.549487],[15.554019,56.549456],[15.554007,56.549409],[15.554074,56.549361],[15.554285,56.549264],[15.554319,56.54917],[15.55432,56.548965],[15.554215,56.548919],[15.553604,56.548816],[15.553232,56.548766],[15.553216,56.548763],[15.553074,56.548714],[15.553069,56.548604],[15.553183,56.54831],[15.553236,56.548191],[15.553244,56.548171],[15.553236,56.548138],[15.553219,56.548073],[15.553063,56.548052],[15.552857,56.548015],[15.552812,56.547923],[15.552808,56.547837],[15.552729,56.547777],[15.552466,56.547711],[15.552184,56.547661],[15.552008,56.547696],[15.551855,56.547773],[15.551736,56.547841],[15.551708,56.547904],[15.551664,56.547941],[15.551593,56.547989],[15.551586,56.54809],[15.551405,56.548226],[15.551195,56.548318],[15.550941,56.548413],[15.550762,56.548544],[15.550584,56.548615],[15.550452,56.548609],[15.550294,56.548557],[15.550222,56.548474],[15.550384,56.548335],[15.550512,56.548212],[15.550549,56.548106],[15.550579,56.547918],[15.55052,56.547855],[15.550474,56.547806],[15.550256,56.547742],[15.549978,56.54772],[15.549596,56.547796],[15.549439,56.547843],[15.549325,56.547877],[15.548979,56.548005],[15.548836,56.548052],[15.548572,56.548089],[15.547409,56.548002],[15.546953,56.547962],[15.546751,56.547879],[15.546736,56.547702],[15.546908,56.547562],[15.54703,56.547486],[15.54698,56.547431],[15.546789,56.547387],[15.546422,56.547241],[15.546303,56.547104],[15.546288,56.546956],[15.546399,56.546754],[15.546655,56.54659],[15.546827,56.546523],[15.546896,56.546436],[15.547,56.546358],[15.547095,56.546243],[15.547023,56.546001],[15.547053,56.545928],[15.54717,56.545906],[15.54753,56.545718],[15.547758,56.545687],[15.548036,56.545579],[15.548251,56.545435],[15.548351,56.545247],[15.548458,56.545122],[15.54865,56.545052],[15.548962,56.545043],[15.549154,56.545017],[15.549289,56.544979],[15.549522,56.54487],[15.549747,56.544739],[15.549921,56.544626],[15.550021,56.544504],[15.550199,56.544437],[15.550172,56.544296],[15.550007,56.54395],[15.549943,56.543837],[15.550055,56.543767],[15.550298,56.543807],[15.550395,56.543956],[15.550398,56.544205],[15.550329,56.544291],[15.550363,56.544351],[15.550364,56.544416],[15.550346,56.544495],[15.550446,56.544558],[15.550634,56.544532],[15.550851,56.544432],[15.551241,56.544627],[15.551306,56.544843],[15.551534,56.545237],[15.551867,56.545767],[15.552011,56.546058],[15.552141,56.546303],[15.552252,56.546456],[15.552286,56.546582],[15.552327,56.54681],[15.552481,56.547154],[15.552663,56.547274],[15.55275,56.547294],[15.552748,56.547352],[15.552559,56.54747],[15.552538,56.547539],[15.55259,56.547632],[15.552669,56.54764],[15.552749,56.54759],[15.552856,56.547398],[15.552924,56.547355],[15.553241,56.547363],[15.553257,56.547363],[15.553747,56.547461],[15.55409,56.54744],[15.554406,56.547355],[15.554548,56.547246],[15.554597,56.547136],[15.554687,56.547019],[15.554666,56.546866],[15.554524,56.54671],[15.554437,56.546547],[15.554472,56.546425],[15.554639,56.54636],[15.554878,56.546386],[15.555075,56.546472],[15.555188,56.54645],[15.55545,56.54639],[15.555724,56.546277],[15.555799,56.546228],[15.555862,56.546188],[15.555909,56.546074],[15.555808,56.545947],[15.555776,56.545907],[15.555643,56.545815],[15.555705,56.54571],[15.555875,56.545639],[15.555929,56.545576],[15.556088,56.545469],[15.556387,56.545465],[15.556649,56.545466],[15.556806,56.54551],[15.556936,56.545458],[15.557053,56.545344],[15.557193,56.545233],[15.557305,56.545225],[15.557556,56.545343],[15.557815,56.545422],[15.558143,56.545417],[15.558655,56.545457],[15.558702,56.545463],[15.558702,56.545463],[15.556022,56.541513],[15.555921,56.54148],[15.555868,56.541447],[15.555856,56.541385],[15.548606,56.542029],[15.545522,56.545471],[15.545317,56.547645]],[[15.551898,56.543324],[15.551915,56.543354],[15.551967,56.543372],[15.552012,56.543387],[15.552071,56.543403],[15.552134,56.543428],[15.55219,56.54345],[15.552268,56.543485],[15.552322,56.54351],[15.552365,56.54353],[15.552449,56.54355],[15.552502,56.543565],[15.55256,56.5436],[15.552599,56.54364],[15.552626,56.543689],[15.552616,56.543734],[15.552536,56.543827],[15.552495,56.543867],[15.552486,56.543876],[15.552406,56.543888],[15.552343,56.543884],[15.552241,56.543868],[15.552185,56.543861],[15.552165,56.543859],[15.552113,56.543857],[15.552094,56.543871],[15.552119,56.543913],[15.552135,56.543934],[15.552128,56.543967],[15.552103,56.543984],[15.552042,56.544001],[15.552018,56.544026],[15.552028,56.544057],[15.552022,56.54408],[15.552019,56.54409],[15.55195,56.544093],[15.551896,56.544086],[15.551822,56.544074],[15.551748,56.544056],[15.551696,56.544034],[15.551689,56.544005],[15.551714,56.544004],[15.551753,56.543989],[15.551764,56.543973],[15.551775,56.543938],[15.551808,56.543921],[15.551834,56.543903],[15.551841,56.54389],[15.551844,56.543865],[15.551854,56.543857],[15.551906,56.543797],[15.551899,56.543785],[15.551883,56.543763],[15.551881,56.543761],[15.551854,56.54374],[15.551793,56.543717],[15.551769,56.543686],[15.55178,56.54365],[15.551797,56.543616],[15.551814,56.54358],[15.551831,56.54353],[15.551864,56.543496],[15.551869,56.543457],[15.55186,56.543435],[15.551857,56.543417],[15.551832,56.543394],[15.551803,56.543371],[15.551764,56.543344],[15.551731,56.543305],[15.551705,56.543274],[15.55166,56.543212],[15.55163,56.543179],[15.551595,56.543155],[15.551553,56.543118],[15.55152,56.543082],[15.551519,56.543058],[15.55154,56.543034],[15.551575,56.543018],[15.551619,56.542994],[15.551649,56.542965],[15.551663,56.542934],[15.551673,56.542891],[15.551707,56.542833],[15.55173,56.542821],[15.551772,56.54282],[15.551794,56.542835],[15.551809,56.542873],[15.551811,56.542913],[15.551794,56.542967],[15.551786,56.543006],[15.551788,56.543039],[15.55182,56.543067],[15.551876,56.543073],[15.551925,56.54309],[15.551984,56.543141],[15.552002,56.543176],[15.552002,56.543219],[15.551973,56.543251],[15.551933,56.54327],[15.5519,56.543293],[15.551898,56.543321],[15.551898,56.543324]],[[15.555766,56.555751],[15.555823,56.555809],[15.55587,56.555836],[15.555922,56.555887],[15.555853,56.555973],[15.555723,56.556031],[15.555604,56.556002],[15.555514,56.555946],[15.555532,56.55586],[15.555604,56.555808],[15.555646,56.555814],[15.555693,56.555777],[15.555766,56.555751]],[[15.55221,56.549789],[15.552137,56.549689],[15.552163,56.549576],[15.552269,56.549481],[15.552416,56.549473],[15.55265,56.54952],[15.552858,56.549615],[15.552986,56.54978],[15.552904,56.549852],[15.552705,56.549888],[15.552478,56.5499],[15.552454,56.549884],[15.552329,56.549854],[15.55221,56.549789]],[[15.548826,56.549263],[15.549031,56.549294],[15.549162,56.549384],[15.549222,56.549544],[15.549198,56.549674],[15.549101,56.549837],[15.548844,56.549905],[15.548482,56.549854],[15.547906,56.549681],[15.547745,56.549572],[15.547827,56.549493],[15.548034,56.549395],[15.548199,56.54933],[15.548301,56.549317],[15.548391,56.549271],[15.548496,56.549265],[15.5486,56.549254],[15.548826,56.549263]]]]}}]}